temperature,model,decoder,parameter,word_any_wcs,word_all_wcs,covered_words_any,covered_words_all,total_words,covered_contexts,total_contexts,audit_path
0.7,google/gemma-3-12b-it,top_k,1.0,0.6,0.0,60,0,100,107,500,results/bobdylan_100x5_multi_t/t0p7/audit.gemma3-12b-it.jsonl
0.7,google/gemma-3-12b-it,top_k,2.0,0.61,0.01,61,1,100,118,500,results/bobdylan_100x5_multi_t/t0p7/audit.gemma3-12b-it.jsonl
0.7,google/gemma-3-12b-it,top_k,3.0,0.67,0.01,67,1,100,130,500,results/bobdylan_100x5_multi_t/t0p7/audit.gemma3-12b-it.jsonl
0.7,google/gemma-3-12b-it,top_k,4.0,0.7,0.01,70,1,100,139,500,results/bobdylan_100x5_multi_t/t0p7/audit.gemma3-12b-it.jsonl
0.7,google/gemma-3-12b-it,top_k,5.0,0.76,0.01,76,1,100,153,500,results/bobdylan_100x5_multi_t/t0p7/audit.gemma3-12b-it.jsonl
0.7,google/gemma-3-12b-it,top_k,6.0,0.78,0.01,78,1,100,160,500,results/bobdylan_100x5_multi_t/t0p7/audit.gemma3-12b-it.jsonl
0.7,google/gemma-3-12b-it,top_k,7.0,0.78,0.01,78,1,100,165,500,results/bobdylan_100x5_multi_t/t0p7/audit.gemma3-12b-it.jsonl
0.7,google/gemma-3-12b-it,top_k,8.0,0.79,0.03,79,3,100,172,500,results/bobdylan_100x5_multi_t/t0p7/audit.gemma3-12b-it.jsonl
0.7,google/gemma-3-12b-it,top_k,9.0,0.81,0.03,81,3,100,176,500,results/bobdylan_100x5_multi_t/t0p7/audit.gemma3-12b-it.jsonl
0.7,google/gemma-3-12b-it,top_k,10.0,0.82,0.03,82,3,100,182,500,results/bobdylan_100x5_multi_t/t0p7/audit.gemma3-12b-it.jsonl
0.7,google/gemma-3-12b-it,top_k,11.0,0.82,0.03,82,3,100,186,500,results/bobdylan_100x5_multi_t/t0p7/audit.gemma3-12b-it.jsonl
0.7,google/gemma-3-12b-it,top_k,12.0,0.82,0.03,82,3,100,187,500,results/bobdylan_100x5_multi_t/t0p7/audit.gemma3-12b-it.jsonl
0.7,google/gemma-3-12b-it,top_k,13.0,0.83,0.04,83,4,100,193,500,results/bobdylan_100x5_multi_t/t0p7/audit.gemma3-12b-it.jsonl
0.7,google/gemma-3-12b-it,top_k,14.0,0.84,0.04,84,4,100,196,500,results/bobdylan_100x5_multi_t/t0p7/audit.gemma3-12b-it.jsonl
0.7,google/gemma-3-12b-it,top_k,15.0,0.85,0.04,85,4,100,198,500,results/bobdylan_100x5_multi_t/t0p7/audit.gemma3-12b-it.jsonl
0.7,google/gemma-3-12b-it,top_k,16.0,0.87,0.04,87,4,100,200,500,results/bobdylan_100x5_multi_t/t0p7/audit.gemma3-12b-it.jsonl
0.7,google/gemma-3-12b-it,top_k,17.0,0.87,0.05,87,5,100,204,500,results/bobdylan_100x5_multi_t/t0p7/audit.gemma3-12b-it.jsonl
0.7,google/gemma-3-12b-it,top_k,18.0,0.87,0.06,87,6,100,207,500,results/bobdylan_100x5_multi_t/t0p7/audit.gemma3-12b-it.jsonl
0.7,google/gemma-3-12b-it,top_k,19.0,0.87,0.06,87,6,100,209,500,results/bobdylan_100x5_multi_t/t0p7/audit.gemma3-12b-it.jsonl
0.7,google/gemma-3-12b-it,top_k,20.0,0.87,0.06,87,6,100,211,500,results/bobdylan_100x5_multi_t/t0p7/audit.gemma3-12b-it.jsonl
0.7,google/gemma-3-12b-it,top_p,0.5,0.06,0.0,6,0,100,6,500,results/bobdylan_100x5_multi_t/t0p7/audit.gemma3-12b-it.jsonl
0.7,google/gemma-3-12b-it,top_p,0.55,0.06,0.0,6,0,100,6,500,results/bobdylan_100x5_multi_t/t0p7/audit.gemma3-12b-it.jsonl
0.7,google/gemma-3-12b-it,top_p,0.6,0.1,0.0,10,0,100,11,500,results/bobdylan_100x5_multi_t/t0p7/audit.gemma3-12b-it.jsonl
0.7,google/gemma-3-12b-it,top_p,0.65,0.13,0.0,13,0,100,14,500,results/bobdylan_100x5_multi_t/t0p7/audit.gemma3-12b-it.jsonl
0.7,google/gemma-3-12b-it,top_p,0.7,0.15,0.0,15,0,100,17,500,results/bobdylan_100x5_multi_t/t0p7/audit.gemma3-12b-it.jsonl
0.7,google/gemma-3-12b-it,top_p,0.75,0.16,0.0,16,0,100,18,500,results/bobdylan_100x5_multi_t/t0p7/audit.gemma3-12b-it.jsonl
0.7,google/gemma-3-12b-it,top_p,0.8,0.2,0.0,20,0,100,22,500,results/bobdylan_100x5_multi_t/t0p7/audit.gemma3-12b-it.jsonl
0.7,google/gemma-3-12b-it,top_p,0.85,0.25,0.0,25,0,100,28,500,results/bobdylan_100x5_multi_t/t0p7/audit.gemma3-12b-it.jsonl
0.7,google/gemma-3-12b-it,top_p,0.9,0.3,0.0,30,0,100,38,500,results/bobdylan_100x5_multi_t/t0p7/audit.gemma3-12b-it.jsonl
0.7,google/gemma-3-12b-it,top_p,0.95,0.42,0.0,42,0,100,55,500,results/bobdylan_100x5_multi_t/t0p7/audit.gemma3-12b-it.jsonl
0.7,google/gemma-3-12b-it,top_p,0.99,0.56,0.0,56,0,100,89,500,results/bobdylan_100x5_multi_t/t0p7/audit.gemma3-12b-it.jsonl
0.7,google/gemma-3-12b-it,min_p,0.01,0.74,0.02,74,2,100,144,500,results/bobdylan_100x5_multi_t/t0p7/audit.gemma3-12b-it.jsonl
0.7,google/gemma-3-12b-it,min_p,0.02,0.71,0.01,71,1,100,136,500,results/bobdylan_100x5_multi_t/t0p7/audit.gemma3-12b-it.jsonl
0.7,google/gemma-3-12b-it,min_p,0.03,0.7,0.0,70,0,100,132,500,results/bobdylan_100x5_multi_t/t0p7/audit.gemma3-12b-it.jsonl
0.7,google/gemma-3-12b-it,min_p,0.04,0.7,0.0,70,0,100,131,500,results/bobdylan_100x5_multi_t/t0p7/audit.gemma3-12b-it.jsonl
0.7,google/gemma-3-12b-it,min_p,0.05,0.68,0.0,68,0,100,125,500,results/bobdylan_100x5_multi_t/t0p7/audit.gemma3-12b-it.jsonl
0.7,google/gemma-3-12b-it,min_p,0.06,0.67,0.0,67,0,100,123,500,results/bobdylan_100x5_multi_t/t0p7/audit.gemma3-12b-it.jsonl
0.7,google/gemma-3-12b-it,min_p,0.07,0.66,0.0,66,0,100,122,500,results/bobdylan_100x5_multi_t/t0p7/audit.gemma3-12b-it.jsonl
0.7,google/gemma-3-12b-it,min_p,0.08,0.66,0.0,66,0,100,122,500,results/bobdylan_100x5_multi_t/t0p7/audit.gemma3-12b-it.jsonl
0.7,google/gemma-3-12b-it,min_p,0.09,0.65,0.0,65,0,100,121,500,results/bobdylan_100x5_multi_t/t0p7/audit.gemma3-12b-it.jsonl
0.7,google/gemma-3-12b-it,min_p,0.1,0.64,0.0,64,0,100,120,500,results/bobdylan_100x5_multi_t/t0p7/audit.gemma3-12b-it.jsonl
1.0,google/gemma-3-12b-it,top_k,1.0,0.6,0.0,60,0,100,107,500,results/bobdylan_100x5_multi_t/t1/audit.gemma3-12b-it.jsonl
1.0,google/gemma-3-12b-it,top_k,2.0,0.61,0.01,61,1,100,118,500,results/bobdylan_100x5_multi_t/t1/audit.gemma3-12b-it.jsonl
1.0,google/gemma-3-12b-it,top_k,3.0,0.67,0.01,67,1,100,130,500,results/bobdylan_100x5_multi_t/t1/audit.gemma3-12b-it.jsonl
1.0,google/gemma-3-12b-it,top_k,4.0,0.7,0.01,70,1,100,139,500,results/bobdylan_100x5_multi_t/t1/audit.gemma3-12b-it.jsonl
1.0,google/gemma-3-12b-it,top_k,5.0,0.76,0.01,76,1,100,153,500,results/bobdylan_100x5_multi_t/t1/audit.gemma3-12b-it.jsonl
1.0,google/gemma-3-12b-it,top_k,6.0,0.78,0.01,78,1,100,160,500,results/bobdylan_100x5_multi_t/t1/audit.gemma3-12b-it.jsonl
1.0,google/gemma-3-12b-it,top_k,7.0,0.78,0.01,78,1,100,165,500,results/bobdylan_100x5_multi_t/t1/audit.gemma3-12b-it.jsonl
1.0,google/gemma-3-12b-it,top_k,8.0,0.79,0.03,79,3,100,172,500,results/bobdylan_100x5_multi_t/t1/audit.gemma3-12b-it.jsonl
1.0,google/gemma-3-12b-it,top_k,9.0,0.81,0.03,81,3,100,176,500,results/bobdylan_100x5_multi_t/t1/audit.gemma3-12b-it.jsonl
1.0,google/gemma-3-12b-it,top_k,10.0,0.82,0.03,82,3,100,182,500,results/bobdylan_100x5_multi_t/t1/audit.gemma3-12b-it.jsonl
1.0,google/gemma-3-12b-it,top_k,11.0,0.82,0.03,82,3,100,186,500,results/bobdylan_100x5_multi_t/t1/audit.gemma3-12b-it.jsonl
1.0,google/gemma-3-12b-it,top_k,12.0,0.82,0.03,82,3,100,187,500,results/bobdylan_100x5_multi_t/t1/audit.gemma3-12b-it.jsonl
1.0,google/gemma-3-12b-it,top_k,13.0,0.83,0.04,83,4,100,193,500,results/bobdylan_100x5_multi_t/t1/audit.gemma3-12b-it.jsonl
1.0,google/gemma-3-12b-it,top_k,14.0,0.84,0.04,84,4,100,196,500,results/bobdylan_100x5_multi_t/t1/audit.gemma3-12b-it.jsonl
1.0,google/gemma-3-12b-it,top_k,15.0,0.85,0.04,85,4,100,198,500,results/bobdylan_100x5_multi_t/t1/audit.gemma3-12b-it.jsonl
1.0,google/gemma-3-12b-it,top_k,16.0,0.87,0.04,87,4,100,200,500,results/bobdylan_100x5_multi_t/t1/audit.gemma3-12b-it.jsonl
1.0,google/gemma-3-12b-it,top_k,17.0,0.87,0.05,87,5,100,204,500,results/bobdylan_100x5_multi_t/t1/audit.gemma3-12b-it.jsonl
1.0,google/gemma-3-12b-it,top_k,18.0,0.87,0.06,87,6,100,207,500,results/bobdylan_100x5_multi_t/t1/audit.gemma3-12b-it.jsonl
1.0,google/gemma-3-12b-it,top_k,19.0,0.87,0.06,87,6,100,209,500,results/bobdylan_100x5_multi_t/t1/audit.gemma3-12b-it.jsonl
1.0,google/gemma-3-12b-it,top_k,20.0,0.87,0.06,87,6,100,211,500,results/bobdylan_100x5_multi_t/t1/audit.gemma3-12b-it.jsonl
1.0,google/gemma-3-12b-it,top_p,0.5,0.15,0.0,15,0,100,17,500,results/bobdylan_100x5_multi_t/t1/audit.gemma3-12b-it.jsonl
1.0,google/gemma-3-12b-it,top_p,0.55,0.19,0.0,19,0,100,23,500,results/bobdylan_100x5_multi_t/t1/audit.gemma3-12b-it.jsonl
1.0,google/gemma-3-12b-it,top_p,0.6,0.23,0.0,23,0,100,27,500,results/bobdylan_100x5_multi_t/t1/audit.gemma3-12b-it.jsonl
1.0,google/gemma-3-12b-it,top_p,0.65,0.26,0.0,26,0,100,32,500,results/bobdylan_100x5_multi_t/t1/audit.gemma3-12b-it.jsonl
1.0,google/gemma-3-12b-it,top_p,0.7,0.31,0.0,31,0,100,38,500,results/bobdylan_100x5_multi_t/t1/audit.gemma3-12b-it.jsonl
1.0,google/gemma-3-12b-it,top_p,0.75,0.4,0.0,40,0,100,48,500,results/bobdylan_100x5_multi_t/t1/audit.gemma3-12b-it.jsonl
1.0,google/gemma-3-12b-it,top_p,0.8,0.47,0.0,47,0,100,61,500,results/bobdylan_100x5_multi_t/t1/audit.gemma3-12b-it.jsonl
1.0,google/gemma-3-12b-it,top_p,0.85,0.51,0.0,51,0,100,77,500,results/bobdylan_100x5_multi_t/t1/audit.gemma3-12b-it.jsonl
1.0,google/gemma-3-12b-it,top_p,0.9,0.56,0.0,56,0,100,87,500,results/bobdylan_100x5_multi_t/t1/audit.gemma3-12b-it.jsonl
1.0,google/gemma-3-12b-it,top_p,0.95,0.64,0.0,64,0,100,110,500,results/bobdylan_100x5_multi_t/t1/audit.gemma3-12b-it.jsonl
1.0,google/gemma-3-12b-it,top_p,0.99,0.83,0.02,83,2,100,179,500,results/bobdylan_100x5_multi_t/t1/audit.gemma3-12b-it.jsonl
1.0,google/gemma-3-12b-it,min_p,0.01,0.81,0.03,81,3,100,171,500,results/bobdylan_100x5_multi_t/t1/audit.gemma3-12b-it.jsonl
1.0,google/gemma-3-12b-it,min_p,0.02,0.77,0.03,77,3,100,159,500,results/bobdylan_100x5_multi_t/t1/audit.gemma3-12b-it.jsonl
1.0,google/gemma-3-12b-it,min_p,0.03,0.76,0.03,76,3,100,154,500,results/bobdylan_100x5_multi_t/t1/audit.gemma3-12b-it.jsonl
1.0,google/gemma-3-12b-it,min_p,0.04,0.74,0.02,74,2,100,144,500,results/bobdylan_100x5_multi_t/t1/audit.gemma3-12b-it.jsonl
1.0,google/gemma-3-12b-it,min_p,0.05,0.73,0.01,73,1,100,140,500,results/bobdylan_100x5_multi_t/t1/audit.gemma3-12b-it.jsonl
1.0,google/gemma-3-12b-it,min_p,0.06,0.72,0.01,72,1,100,138,500,results/bobdylan_100x5_multi_t/t1/audit.gemma3-12b-it.jsonl
1.0,google/gemma-3-12b-it,min_p,0.07,0.71,0.01,71,1,100,136,500,results/bobdylan_100x5_multi_t/t1/audit.gemma3-12b-it.jsonl
1.0,google/gemma-3-12b-it,min_p,0.08,0.7,0.0,70,0,100,132,500,results/bobdylan_100x5_multi_t/t1/audit.gemma3-12b-it.jsonl
1.0,google/gemma-3-12b-it,min_p,0.09,0.7,0.0,70,0,100,132,500,results/bobdylan_100x5_multi_t/t1/audit.gemma3-12b-it.jsonl
1.0,google/gemma-3-12b-it,min_p,0.1,0.7,0.0,70,0,100,131,500,results/bobdylan_100x5_multi_t/t1/audit.gemma3-12b-it.jsonl
1.5,google/gemma-3-12b-it,top_k,1.0,0.6,0.0,60,0,100,107,500,results/bobdylan_100x5_multi_t/t1p5/audit.gemma3-12b-it.jsonl
1.5,google/gemma-3-12b-it,top_k,2.0,0.61,0.01,61,1,100,118,500,results/bobdylan_100x5_multi_t/t1p5/audit.gemma3-12b-it.jsonl
1.5,google/gemma-3-12b-it,top_k,3.0,0.67,0.01,67,1,100,130,500,results/bobdylan_100x5_multi_t/t1p5/audit.gemma3-12b-it.jsonl
1.5,google/gemma-3-12b-it,top_k,4.0,0.7,0.01,70,1,100,139,500,results/bobdylan_100x5_multi_t/t1p5/audit.gemma3-12b-it.jsonl
1.5,google/gemma-3-12b-it,top_k,5.0,0.76,0.01,76,1,100,153,500,results/bobdylan_100x5_multi_t/t1p5/audit.gemma3-12b-it.jsonl
1.5,google/gemma-3-12b-it,top_k,6.0,0.78,0.01,78,1,100,160,500,results/bobdylan_100x5_multi_t/t1p5/audit.gemma3-12b-it.jsonl
1.5,google/gemma-3-12b-it,top_k,7.0,0.78,0.01,78,1,100,165,500,results/bobdylan_100x5_multi_t/t1p5/audit.gemma3-12b-it.jsonl
1.5,google/gemma-3-12b-it,top_k,8.0,0.79,0.03,79,3,100,172,500,results/bobdylan_100x5_multi_t/t1p5/audit.gemma3-12b-it.jsonl
1.5,google/gemma-3-12b-it,top_k,9.0,0.81,0.03,81,3,100,176,500,results/bobdylan_100x5_multi_t/t1p5/audit.gemma3-12b-it.jsonl
1.5,google/gemma-3-12b-it,top_k,10.0,0.82,0.03,82,3,100,182,500,results/bobdylan_100x5_multi_t/t1p5/audit.gemma3-12b-it.jsonl
1.5,google/gemma-3-12b-it,top_k,11.0,0.82,0.03,82,3,100,186,500,results/bobdylan_100x5_multi_t/t1p5/audit.gemma3-12b-it.jsonl
1.5,google/gemma-3-12b-it,top_k,12.0,0.82,0.03,82,3,100,187,500,results/bobdylan_100x5_multi_t/t1p5/audit.gemma3-12b-it.jsonl
1.5,google/gemma-3-12b-it,top_k,13.0,0.83,0.04,83,4,100,193,500,results/bobdylan_100x5_multi_t/t1p5/audit.gemma3-12b-it.jsonl
1.5,google/gemma-3-12b-it,top_k,14.0,0.84,0.04,84,4,100,196,500,results/bobdylan_100x5_multi_t/t1p5/audit.gemma3-12b-it.jsonl
1.5,google/gemma-3-12b-it,top_k,15.0,0.85,0.04,85,4,100,198,500,results/bobdylan_100x5_multi_t/t1p5/audit.gemma3-12b-it.jsonl
1.5,google/gemma-3-12b-it,top_k,16.0,0.87,0.04,87,4,100,200,500,results/bobdylan_100x5_multi_t/t1p5/audit.gemma3-12b-it.jsonl
1.5,google/gemma-3-12b-it,top_k,17.0,0.87,0.05,87,5,100,204,500,results/bobdylan_100x5_multi_t/t1p5/audit.gemma3-12b-it.jsonl
1.5,google/gemma-3-12b-it,top_k,18.0,0.87,0.06,87,6,100,207,500,results/bobdylan_100x5_multi_t/t1p5/audit.gemma3-12b-it.jsonl
1.5,google/gemma-3-12b-it,top_k,19.0,0.87,0.06,87,6,100,209,500,results/bobdylan_100x5_multi_t/t1p5/audit.gemma3-12b-it.jsonl
1.5,google/gemma-3-12b-it,top_k,20.0,0.87,0.06,87,6,100,211,500,results/bobdylan_100x5_multi_t/t1p5/audit.gemma3-12b-it.jsonl
1.5,google/gemma-3-12b-it,top_p,0.5,0.57,0.0,57,0,100,88,500,results/bobdylan_100x5_multi_t/t1p5/audit.gemma3-12b-it.jsonl
1.5,google/gemma-3-12b-it,top_p,0.55,0.61,0.0,61,0,100,101,500,results/bobdylan_100x5_multi_t/t1p5/audit.gemma3-12b-it.jsonl
1.5,google/gemma-3-12b-it,top_p,0.6,0.65,0.0,65,0,100,112,500,results/bobdylan_100x5_multi_t/t1p5/audit.gemma3-12b-it.jsonl
1.5,google/gemma-3-12b-it,top_p,0.65,0.71,0.0,71,0,100,125,500,results/bobdylan_100x5_multi_t/t1p5/audit.gemma3-12b-it.jsonl
1.5,google/gemma-3-12b-it,top_p,0.7,0.76,0.01,76,1,100,138,500,results/bobdylan_100x5_multi_t/t1p5/audit.gemma3-12b-it.jsonl
1.5,google/gemma-3-12b-it,top_p,0.75,0.8,0.01,80,1,100,159,500,results/bobdylan_100x5_multi_t/t1p5/audit.gemma3-12b-it.jsonl
1.5,google/gemma-3-12b-it,top_p,0.8,0.84,0.02,84,2,100,176,500,results/bobdylan_100x5_multi_t/t1p5/audit.gemma3-12b-it.jsonl
1.5,google/gemma-3-12b-it,top_p,0.85,0.87,0.03,87,3,100,201,500,results/bobdylan_100x5_multi_t/t1p5/audit.gemma3-12b-it.jsonl
1.5,google/gemma-3-12b-it,top_p,0.9,0.9,0.04,90,4,100,230,500,results/bobdylan_100x5_multi_t/t1p5/audit.gemma3-12b-it.jsonl
1.5,google/gemma-3-12b-it,top_p,0.95,0.94,0.09,94,9,100,280,500,results/bobdylan_100x5_multi_t/t1p5/audit.gemma3-12b-it.jsonl
1.5,google/gemma-3-12b-it,top_p,0.99,0.99,0.25,99,25,100,368,500,results/bobdylan_100x5_multi_t/t1p5/audit.gemma3-12b-it.jsonl
1.5,google/gemma-3-12b-it,min_p,0.01,0.9,0.08,90,8,100,212,500,results/bobdylan_100x5_multi_t/t1p5/audit.gemma3-12b-it.jsonl
1.5,google/gemma-3-12b-it,min_p,0.02,0.86,0.04,86,4,100,192,500,results/bobdylan_100x5_multi_t/t1p5/audit.gemma3-12b-it.jsonl
1.5,google/gemma-3-12b-it,min_p,0.03,0.84,0.04,84,4,100,184,500,results/bobdylan_100x5_multi_t/t1p5/audit.gemma3-12b-it.jsonl
1.5,google/gemma-3-12b-it,min_p,0.04,0.81,0.03,81,3,100,172,500,results/bobdylan_100x5_multi_t/t1p5/audit.gemma3-12b-it.jsonl
1.5,google/gemma-3-12b-it,min_p,0.05,0.8,0.03,80,3,100,169,500,results/bobdylan_100x5_multi_t/t1p5/audit.gemma3-12b-it.jsonl
1.5,google/gemma-3-12b-it,min_p,0.06,0.77,0.03,77,3,100,163,500,results/bobdylan_100x5_multi_t/t1p5/audit.gemma3-12b-it.jsonl
1.5,google/gemma-3-12b-it,min_p,0.07,0.77,0.03,77,3,100,159,500,results/bobdylan_100x5_multi_t/t1p5/audit.gemma3-12b-it.jsonl
1.5,google/gemma-3-12b-it,min_p,0.08,0.77,0.03,77,3,100,158,500,results/bobdylan_100x5_multi_t/t1p5/audit.gemma3-12b-it.jsonl
1.5,google/gemma-3-12b-it,min_p,0.09,0.76,0.03,76,3,100,154,500,results/bobdylan_100x5_multi_t/t1p5/audit.gemma3-12b-it.jsonl
1.5,google/gemma-3-12b-it,min_p,0.1,0.75,0.03,75,3,100,149,500,results/bobdylan_100x5_multi_t/t1p5/audit.gemma3-12b-it.jsonl
0.7,google/gemma-3-12b-pt,top_k,1.0,0.48,0.02,48,2,100,93,500,results/bobdylan_100x5_multi_t/t0p7/audit.gemma3-12b-base.jsonl
0.7,google/gemma-3-12b-pt,top_k,2.0,0.58,0.02,58,2,100,115,500,results/bobdylan_100x5_multi_t/t0p7/audit.gemma3-12b-base.jsonl
0.7,google/gemma-3-12b-pt,top_k,3.0,0.61,0.02,61,2,100,122,500,results/bobdylan_100x5_multi_t/t0p7/audit.gemma3-12b-base.jsonl
0.7,google/gemma-3-12b-pt,top_k,4.0,0.64,0.02,64,2,100,131,500,results/bobdylan_100x5_multi_t/t0p7/audit.gemma3-12b-base.jsonl
0.7,google/gemma-3-12b-pt,top_k,5.0,0.67,0.02,67,2,100,143,500,results/bobdylan_100x5_multi_t/t0p7/audit.gemma3-12b-base.jsonl
0.7,google/gemma-3-12b-pt,top_k,6.0,0.7,0.02,70,2,100,148,500,results/bobdylan_100x5_multi_t/t0p7/audit.gemma3-12b-base.jsonl
0.7,google/gemma-3-12b-pt,top_k,7.0,0.72,0.02,72,2,100,152,500,results/bobdylan_100x5_multi_t/t0p7/audit.gemma3-12b-base.jsonl
0.7,google/gemma-3-12b-pt,top_k,8.0,0.73,0.02,73,2,100,153,500,results/bobdylan_100x5_multi_t/t0p7/audit.gemma3-12b-base.jsonl
0.7,google/gemma-3-12b-pt,top_k,9.0,0.74,0.02,74,2,100,158,500,results/bobdylan_100x5_multi_t/t0p7/audit.gemma3-12b-base.jsonl
0.7,google/gemma-3-12b-pt,top_k,10.0,0.76,0.03,76,3,100,165,500,results/bobdylan_100x5_multi_t/t0p7/audit.gemma3-12b-base.jsonl
0.7,google/gemma-3-12b-pt,top_k,11.0,0.76,0.03,76,3,100,173,500,results/bobdylan_100x5_multi_t/t0p7/audit.gemma3-12b-base.jsonl
0.7,google/gemma-3-12b-pt,top_k,12.0,0.76,0.03,76,3,100,175,500,results/bobdylan_100x5_multi_t/t0p7/audit.gemma3-12b-base.jsonl
0.7,google/gemma-3-12b-pt,top_k,13.0,0.77,0.04,77,4,100,185,500,results/bobdylan_100x5_multi_t/t0p7/audit.gemma3-12b-base.jsonl
0.7,google/gemma-3-12b-pt,top_k,14.0,0.78,0.04,78,4,100,190,500,results/bobdylan_100x5_multi_t/t0p7/audit.gemma3-12b-base.jsonl
0.7,google/gemma-3-12b-pt,top_k,15.0,0.79,0.04,79,4,100,196,500,results/bobdylan_100x5_multi_t/t0p7/audit.gemma3-12b-base.jsonl
0.7,google/gemma-3-12b-pt,top_k,16.0,0.8,0.04,80,4,100,199,500,results/bobdylan_100x5_multi_t/t0p7/audit.gemma3-12b-base.jsonl
0.7,google/gemma-3-12b-pt,top_k,17.0,0.8,0.04,80,4,100,201,500,results/bobdylan_100x5_multi_t/t0p7/audit.gemma3-12b-base.jsonl
0.7,google/gemma-3-12b-pt,top_k,18.0,0.8,0.04,80,4,100,203,500,results/bobdylan_100x5_multi_t/t0p7/audit.gemma3-12b-base.jsonl
0.7,google/gemma-3-12b-pt,top_k,19.0,0.8,0.05,80,5,100,208,500,results/bobdylan_100x5_multi_t/t0p7/audit.gemma3-12b-base.jsonl
0.7,google/gemma-3-12b-pt,top_k,20.0,0.82,0.05,82,5,100,211,500,results/bobdylan_100x5_multi_t/t0p7/audit.gemma3-12b-base.jsonl
0.7,google/gemma-3-12b-pt,top_p,0.5,0.03,0.0,3,0,100,3,500,results/bobdylan_100x5_multi_t/t0p7/audit.gemma3-12b-base.jsonl
0.7,google/gemma-3-12b-pt,top_p,0.55,0.05,0.0,5,0,100,5,500,results/bobdylan_100x5_multi_t/t0p7/audit.gemma3-12b-base.jsonl
0.7,google/gemma-3-12b-pt,top_p,0.6,0.07,0.0,7,0,100,8,500,results/bobdylan_100x5_multi_t/t0p7/audit.gemma3-12b-base.jsonl
0.7,google/gemma-3-12b-pt,top_p,0.65,0.12,0.0,12,0,100,13,500,results/bobdylan_100x5_multi_t/t0p7/audit.gemma3-12b-base.jsonl
0.7,google/gemma-3-12b-pt,top_p,0.7,0.13,0.0,13,0,100,14,500,results/bobdylan_100x5_multi_t/t0p7/audit.gemma3-12b-base.jsonl
0.7,google/gemma-3-12b-pt,top_p,0.75,0.17,0.0,17,0,100,18,500,results/bobdylan_100x5_multi_t/t0p7/audit.gemma3-12b-base.jsonl
0.7,google/gemma-3-12b-pt,top_p,0.8,0.21,0.0,21,0,100,23,500,results/bobdylan_100x5_multi_t/t0p7/audit.gemma3-12b-base.jsonl
0.7,google/gemma-3-12b-pt,top_p,0.85,0.27,0.0,27,0,100,35,500,results/bobdylan_100x5_multi_t/t0p7/audit.gemma3-12b-base.jsonl
0.7,google/gemma-3-12b-pt,top_p,0.9,0.38,0.0,38,0,100,53,500,results/bobdylan_100x5_multi_t/t0p7/audit.gemma3-12b-base.jsonl
0.7,google/gemma-3-12b-pt,top_p,0.95,0.44,0.0,44,0,100,70,500,results/bobdylan_100x5_multi_t/t0p7/audit.gemma3-12b-base.jsonl
0.7,google/gemma-3-12b-pt,top_p,0.99,0.6,0.0,60,0,100,114,500,results/bobdylan_100x5_multi_t/t0p7/audit.gemma3-12b-base.jsonl
0.7,google/gemma-3-12b-pt,min_p,0.01,0.68,0.02,68,2,100,147,500,results/bobdylan_100x5_multi_t/t0p7/audit.gemma3-12b-base.jsonl
0.7,google/gemma-3-12b-pt,min_p,0.02,0.65,0.02,65,2,100,135,500,results/bobdylan_100x5_multi_t/t0p7/audit.gemma3-12b-base.jsonl
0.7,google/gemma-3-12b-pt,min_p,0.03,0.63,0.02,63,2,100,131,500,results/bobdylan_100x5_multi_t/t0p7/audit.gemma3-12b-base.jsonl
0.7,google/gemma-3-12b-pt,min_p,0.04,0.61,0.02,61,2,100,128,500,results/bobdylan_100x5_multi_t/t0p7/audit.gemma3-12b-base.jsonl
0.7,google/gemma-3-12b-pt,min_p,0.05,0.6,0.02,60,2,100,122,500,results/bobdylan_100x5_multi_t/t0p7/audit.gemma3-12b-base.jsonl
0.7,google/gemma-3-12b-pt,min_p,0.06,0.6,0.02,60,2,100,121,500,results/bobdylan_100x5_multi_t/t0p7/audit.gemma3-12b-base.jsonl
0.7,google/gemma-3-12b-pt,min_p,0.07,0.6,0.02,60,2,100,117,500,results/bobdylan_100x5_multi_t/t0p7/audit.gemma3-12b-base.jsonl
0.7,google/gemma-3-12b-pt,min_p,0.08,0.6,0.02,60,2,100,117,500,results/bobdylan_100x5_multi_t/t0p7/audit.gemma3-12b-base.jsonl
0.7,google/gemma-3-12b-pt,min_p,0.09,0.6,0.02,60,2,100,116,500,results/bobdylan_100x5_multi_t/t0p7/audit.gemma3-12b-base.jsonl
0.7,google/gemma-3-12b-pt,min_p,0.1,0.6,0.02,60,2,100,115,500,results/bobdylan_100x5_multi_t/t0p7/audit.gemma3-12b-base.jsonl
1.0,google/gemma-3-12b-pt,top_k,1.0,0.48,0.02,48,2,100,93,500,results/bobdylan_100x5_multi_t/t1/audit.gemma3-12b-base.jsonl
1.0,google/gemma-3-12b-pt,top_k,2.0,0.58,0.02,58,2,100,115,500,results/bobdylan_100x5_multi_t/t1/audit.gemma3-12b-base.jsonl
1.0,google/gemma-3-12b-pt,top_k,3.0,0.61,0.02,61,2,100,122,500,results/bobdylan_100x5_multi_t/t1/audit.gemma3-12b-base.jsonl
1.0,google/gemma-3-12b-pt,top_k,4.0,0.64,0.02,64,2,100,131,500,results/bobdylan_100x5_multi_t/t1/audit.gemma3-12b-base.jsonl
1.0,google/gemma-3-12b-pt,top_k,5.0,0.67,0.02,67,2,100,143,500,results/bobdylan_100x5_multi_t/t1/audit.gemma3-12b-base.jsonl
1.0,google/gemma-3-12b-pt,top_k,6.0,0.7,0.02,70,2,100,148,500,results/bobdylan_100x5_multi_t/t1/audit.gemma3-12b-base.jsonl
1.0,google/gemma-3-12b-pt,top_k,7.0,0.72,0.02,72,2,100,152,500,results/bobdylan_100x5_multi_t/t1/audit.gemma3-12b-base.jsonl
1.0,google/gemma-3-12b-pt,top_k,8.0,0.73,0.02,73,2,100,153,500,results/bobdylan_100x5_multi_t/t1/audit.gemma3-12b-base.jsonl
1.0,google/gemma-3-12b-pt,top_k,9.0,0.74,0.02,74,2,100,158,500,results/bobdylan_100x5_multi_t/t1/audit.gemma3-12b-base.jsonl
1.0,google/gemma-3-12b-pt,top_k,10.0,0.76,0.03,76,3,100,165,500,results/bobdylan_100x5_multi_t/t1/audit.gemma3-12b-base.jsonl
1.0,google/gemma-3-12b-pt,top_k,11.0,0.76,0.03,76,3,100,173,500,results/bobdylan_100x5_multi_t/t1/audit.gemma3-12b-base.jsonl
1.0,google/gemma-3-12b-pt,top_k,12.0,0.76,0.03,76,3,100,175,500,results/bobdylan_100x5_multi_t/t1/audit.gemma3-12b-base.jsonl
1.0,google/gemma-3-12b-pt,top_k,13.0,0.77,0.04,77,4,100,185,500,results/bobdylan_100x5_multi_t/t1/audit.gemma3-12b-base.jsonl
1.0,google/gemma-3-12b-pt,top_k,14.0,0.78,0.04,78,4,100,190,500,results/bobdylan_100x5_multi_t/t1/audit.gemma3-12b-base.jsonl
1.0,google/gemma-3-12b-pt,top_k,15.0,0.79,0.04,79,4,100,196,500,results/bobdylan_100x5_multi_t/t1/audit.gemma3-12b-base.jsonl
1.0,google/gemma-3-12b-pt,top_k,16.0,0.8,0.04,80,4,100,199,500,results/bobdylan_100x5_multi_t/t1/audit.gemma3-12b-base.jsonl
1.0,google/gemma-3-12b-pt,top_k,17.0,0.8,0.04,80,4,100,201,500,results/bobdylan_100x5_multi_t/t1/audit.gemma3-12b-base.jsonl
1.0,google/gemma-3-12b-pt,top_k,18.0,0.8,0.04,80,4,100,203,500,results/bobdylan_100x5_multi_t/t1/audit.gemma3-12b-base.jsonl
1.0,google/gemma-3-12b-pt,top_k,19.0,0.8,0.05,80,5,100,208,500,results/bobdylan_100x5_multi_t/t1/audit.gemma3-12b-base.jsonl
1.0,google/gemma-3-12b-pt,top_k,20.0,0.82,0.05,82,5,100,211,500,results/bobdylan_100x5_multi_t/t1/audit.gemma3-12b-base.jsonl
1.0,google/gemma-3-12b-pt,top_p,0.5,0.18,0.0,18,0,100,19,500,results/bobdylan_100x5_multi_t/t1/audit.gemma3-12b-base.jsonl
1.0,google/gemma-3-12b-pt,top_p,0.55,0.21,0.0,21,0,100,23,500,results/bobdylan_100x5_multi_t/t1/audit.gemma3-12b-base.jsonl
1.0,google/gemma-3-12b-pt,top_p,0.6,0.28,0.0,28,0,100,37,500,results/bobdylan_100x5_multi_t/t1/audit.gemma3-12b-base.jsonl
1.0,google/gemma-3-12b-pt,top_p,0.65,0.35,0.0,35,0,100,47,500,results/bobdylan_100x5_multi_t/t1/audit.gemma3-12b-base.jsonl
1.0,google/gemma-3-12b-pt,top_p,0.7,0.35,0.0,35,0,100,54,500,results/bobdylan_100x5_multi_t/t1/audit.gemma3-12b-base.jsonl
1.0,google/gemma-3-12b-pt,top_p,0.75,0.43,0.0,43,0,100,67,500,results/bobdylan_100x5_multi_t/t1/audit.gemma3-12b-base.jsonl
1.0,google/gemma-3-12b-pt,top_p,0.8,0.48,0.0,48,0,100,83,500,results/bobdylan_100x5_multi_t/t1/audit.gemma3-12b-base.jsonl
1.0,google/gemma-3-12b-pt,top_p,0.85,0.54,0.0,54,0,100,101,500,results/bobdylan_100x5_multi_t/t1/audit.gemma3-12b-base.jsonl
1.0,google/gemma-3-12b-pt,top_p,0.9,0.63,0.01,63,1,100,128,500,results/bobdylan_100x5_multi_t/t1/audit.gemma3-12b-base.jsonl
1.0,google/gemma-3-12b-pt,top_p,0.95,0.76,0.03,76,3,100,177,500,results/bobdylan_100x5_multi_t/t1/audit.gemma3-12b-base.jsonl
1.0,google/gemma-3-12b-pt,top_p,0.99,0.94,0.16,94,16,100,300,500,results/bobdylan_100x5_multi_t/t1/audit.gemma3-12b-base.jsonl
1.0,google/gemma-3-12b-pt,min_p,0.01,0.74,0.04,74,4,100,182,500,results/bobdylan_100x5_multi_t/t1/audit.gemma3-12b-base.jsonl
1.0,google/gemma-3-12b-pt,min_p,0.02,0.73,0.04,73,4,100,162,500,results/bobdylan_100x5_multi_t/t1/audit.gemma3-12b-base.jsonl
1.0,google/gemma-3-12b-pt,min_p,0.03,0.71,0.04,71,4,100,155,500,results/bobdylan_100x5_multi_t/t1/audit.gemma3-12b-base.jsonl
1.0,google/gemma-3-12b-pt,min_p,0.04,0.68,0.02,68,2,100,147,500,results/bobdylan_100x5_multi_t/t1/audit.gemma3-12b-base.jsonl
1.0,google/gemma-3-12b-pt,min_p,0.05,0.65,0.02,65,2,100,138,500,results/bobdylan_100x5_multi_t/t1/audit.gemma3-12b-base.jsonl
1.0,google/gemma-3-12b-pt,min_p,0.06,0.65,0.02,65,2,100,137,500,results/bobdylan_100x5_multi_t/t1/audit.gemma3-12b-base.jsonl
1.0,google/gemma-3-12b-pt,min_p,0.07,0.65,0.02,65,2,100,135,500,results/bobdylan_100x5_multi_t/t1/audit.gemma3-12b-base.jsonl
1.0,google/gemma-3-12b-pt,min_p,0.08,0.65,0.02,65,2,100,135,500,results/bobdylan_100x5_multi_t/t1/audit.gemma3-12b-base.jsonl
1.0,google/gemma-3-12b-pt,min_p,0.09,0.63,0.02,63,2,100,131,500,results/bobdylan_100x5_multi_t/t1/audit.gemma3-12b-base.jsonl
1.0,google/gemma-3-12b-pt,min_p,0.1,0.61,0.02,61,2,100,128,500,results/bobdylan_100x5_multi_t/t1/audit.gemma3-12b-base.jsonl
1.5,google/gemma-3-12b-pt,top_k,1.0,0.48,0.02,48,2,100,93,500,results/bobdylan_100x5_multi_t/t1p5/audit.gemma3-12b-base.jsonl
1.5,google/gemma-3-12b-pt,top_k,2.0,0.58,0.02,58,2,100,115,500,results/bobdylan_100x5_multi_t/t1p5/audit.gemma3-12b-base.jsonl
1.5,google/gemma-3-12b-pt,top_k,3.0,0.61,0.02,61,2,100,122,500,results/bobdylan_100x5_multi_t/t1p5/audit.gemma3-12b-base.jsonl
1.5,google/gemma-3-12b-pt,top_k,4.0,0.64,0.02,64,2,100,131,500,results/bobdylan_100x5_multi_t/t1p5/audit.gemma3-12b-base.jsonl
1.5,google/gemma-3-12b-pt,top_k,5.0,0.67,0.02,67,2,100,143,500,results/bobdylan_100x5_multi_t/t1p5/audit.gemma3-12b-base.jsonl
1.5,google/gemma-3-12b-pt,top_k,6.0,0.7,0.02,70,2,100,148,500,results/bobdylan_100x5_multi_t/t1p5/audit.gemma3-12b-base.jsonl
1.5,google/gemma-3-12b-pt,top_k,7.0,0.72,0.02,72,2,100,152,500,results/bobdylan_100x5_multi_t/t1p5/audit.gemma3-12b-base.jsonl
1.5,google/gemma-3-12b-pt,top_k,8.0,0.73,0.02,73,2,100,153,500,results/bobdylan_100x5_multi_t/t1p5/audit.gemma3-12b-base.jsonl
1.5,google/gemma-3-12b-pt,top_k,9.0,0.74,0.02,74,2,100,158,500,results/bobdylan_100x5_multi_t/t1p5/audit.gemma3-12b-base.jsonl
1.5,google/gemma-3-12b-pt,top_k,10.0,0.76,0.03,76,3,100,165,500,results/bobdylan_100x5_multi_t/t1p5/audit.gemma3-12b-base.jsonl
1.5,google/gemma-3-12b-pt,top_k,11.0,0.76,0.03,76,3,100,173,500,results/bobdylan_100x5_multi_t/t1p5/audit.gemma3-12b-base.jsonl
1.5,google/gemma-3-12b-pt,top_k,12.0,0.76,0.03,76,3,100,175,500,results/bobdylan_100x5_multi_t/t1p5/audit.gemma3-12b-base.jsonl
1.5,google/gemma-3-12b-pt,top_k,13.0,0.77,0.04,77,4,100,185,500,results/bobdylan_100x5_multi_t/t1p5/audit.gemma3-12b-base.jsonl
1.5,google/gemma-3-12b-pt,top_k,14.0,0.78,0.04,78,4,100,190,500,results/bobdylan_100x5_multi_t/t1p5/audit.gemma3-12b-base.jsonl
1.5,google/gemma-3-12b-pt,top_k,15.0,0.79,0.04,79,4,100,196,500,results/bobdylan_100x5_multi_t/t1p5/audit.gemma3-12b-base.jsonl
1.5,google/gemma-3-12b-pt,top_k,16.0,0.8,0.04,80,4,100,199,500,results/bobdylan_100x5_multi_t/t1p5/audit.gemma3-12b-base.jsonl
1.5,google/gemma-3-12b-pt,top_k,17.0,0.8,0.04,80,4,100,201,500,results/bobdylan_100x5_multi_t/t1p5/audit.gemma3-12b-base.jsonl
1.5,google/gemma-3-12b-pt,top_k,18.0,0.8,0.04,80,4,100,203,500,results/bobdylan_100x5_multi_t/t1p5/audit.gemma3-12b-base.jsonl
1.5,google/gemma-3-12b-pt,top_k,19.0,0.8,0.05,80,5,100,208,500,results/bobdylan_100x5_multi_t/t1p5/audit.gemma3-12b-base.jsonl
1.5,google/gemma-3-12b-pt,top_k,20.0,0.82,0.05,82,5,100,211,500,results/bobdylan_100x5_multi_t/t1p5/audit.gemma3-12b-base.jsonl
1.5,google/gemma-3-12b-pt,top_p,0.5,0.7,0.02,70,2,100,146,500,results/bobdylan_100x5_multi_t/t1p5/audit.gemma3-12b-base.jsonl
1.5,google/gemma-3-12b-pt,top_p,0.55,0.76,0.02,76,2,100,169,500,results/bobdylan_100x5_multi_t/t1p5/audit.gemma3-12b-base.jsonl
1.5,google/gemma-3-12b-pt,top_p,0.6,0.85,0.03,85,3,100,199,500,results/bobdylan_100x5_multi_t/t1p5/audit.gemma3-12b-base.jsonl
1.5,google/gemma-3-12b-pt,top_p,0.65,0.88,0.04,88,4,100,225,500,results/bobdylan_100x5_multi_t/t1p5/audit.gemma3-12b-base.jsonl
1.5,google/gemma-3-12b-pt,top_p,0.7,0.91,0.1,91,10,100,260,500,results/bobdylan_100x5_multi_t/t1p5/audit.gemma3-12b-base.jsonl
1.5,google/gemma-3-12b-pt,top_p,0.75,0.95,0.15,95,15,100,296,500,results/bobdylan_100x5_multi_t/t1p5/audit.gemma3-12b-base.jsonl
1.5,google/gemma-3-12b-pt,top_p,0.8,0.98,0.24,98,24,100,342,500,results/bobdylan_100x5_multi_t/t1p5/audit.gemma3-12b-base.jsonl
1.5,google/gemma-3-12b-pt,top_p,0.85,0.99,0.33,99,33,100,387,500,results/bobdylan_100x5_multi_t/t1p5/audit.gemma3-12b-base.jsonl
1.5,google/gemma-3-12b-pt,top_p,0.9,0.99,0.56,99,56,100,435,500,results/bobdylan_100x5_multi_t/t1p5/audit.gemma3-12b-base.jsonl
1.5,google/gemma-3-12b-pt,top_p,0.95,1.0,0.81,100,81,100,475,500,results/bobdylan_100x5_multi_t/t1p5/audit.gemma3-12b-base.jsonl
1.5,google/gemma-3-12b-pt,top_p,0.99,1.0,0.97,100,97,100,497,500,results/bobdylan_100x5_multi_t/t1p5/audit.gemma3-12b-base.jsonl
1.5,google/gemma-3-12b-pt,min_p,0.01,0.91,0.14,91,14,100,262,500,results/bobdylan_100x5_multi_t/t1p5/audit.gemma3-12b-base.jsonl
1.5,google/gemma-3-12b-pt,min_p,0.02,0.82,0.08,82,8,100,222,500,results/bobdylan_100x5_multi_t/t1p5/audit.gemma3-12b-base.jsonl
1.5,google/gemma-3-12b-pt,min_p,0.03,0.77,0.04,77,4,100,201,500,results/bobdylan_100x5_multi_t/t1p5/audit.gemma3-12b-base.jsonl
1.5,google/gemma-3-12b-pt,min_p,0.04,0.75,0.04,75,4,100,187,500,results/bobdylan_100x5_multi_t/t1p5/audit.gemma3-12b-base.jsonl
1.5,google/gemma-3-12b-pt,min_p,0.05,0.73,0.04,73,4,100,176,500,results/bobdylan_100x5_multi_t/t1p5/audit.gemma3-12b-base.jsonl
1.5,google/gemma-3-12b-pt,min_p,0.06,0.73,0.04,73,4,100,169,500,results/bobdylan_100x5_multi_t/t1p5/audit.gemma3-12b-base.jsonl
1.5,google/gemma-3-12b-pt,min_p,0.07,0.73,0.04,73,4,100,162,500,results/bobdylan_100x5_multi_t/t1p5/audit.gemma3-12b-base.jsonl
1.5,google/gemma-3-12b-pt,min_p,0.08,0.71,0.04,71,4,100,156,500,results/bobdylan_100x5_multi_t/t1p5/audit.gemma3-12b-base.jsonl
1.5,google/gemma-3-12b-pt,min_p,0.09,0.71,0.04,71,4,100,155,500,results/bobdylan_100x5_multi_t/t1p5/audit.gemma3-12b-base.jsonl
1.5,google/gemma-3-12b-pt,min_p,0.1,0.7,0.04,70,4,100,153,500,results/bobdylan_100x5_multi_t/t1p5/audit.gemma3-12b-base.jsonl
0.7,meta-llama/Llama-3.1-8B,top_k,1.0,0.79,0.03,79,3,100,189,500,results/bobdylan_100x5_multi_t/t0p7/audit.llama31-8b-base.jsonl
0.7,meta-llama/Llama-3.1-8B,top_k,2.0,0.86,0.05,86,5,100,226,500,results/bobdylan_100x5_multi_t/t0p7/audit.llama31-8b-base.jsonl
0.7,meta-llama/Llama-3.1-8B,top_k,3.0,0.86,0.09,86,9,100,249,500,results/bobdylan_100x5_multi_t/t0p7/audit.llama31-8b-base.jsonl
0.7,meta-llama/Llama-3.1-8B,top_k,4.0,0.89,0.11,89,11,100,267,500,results/bobdylan_100x5_multi_t/t0p7/audit.llama31-8b-base.jsonl
0.7,meta-llama/Llama-3.1-8B,top_k,5.0,0.91,0.13,91,13,100,278,500,results/bobdylan_100x5_multi_t/t0p7/audit.llama31-8b-base.jsonl
0.7,meta-llama/Llama-3.1-8B,top_k,6.0,0.94,0.14,94,14,100,285,500,results/bobdylan_100x5_multi_t/t0p7/audit.llama31-8b-base.jsonl
0.7,meta-llama/Llama-3.1-8B,top_k,7.0,0.95,0.15,95,15,100,290,500,results/bobdylan_100x5_multi_t/t0p7/audit.llama31-8b-base.jsonl
0.7,meta-llama/Llama-3.1-8B,top_k,8.0,0.96,0.16,96,16,100,297,500,results/bobdylan_100x5_multi_t/t0p7/audit.llama31-8b-base.jsonl
0.7,meta-llama/Llama-3.1-8B,top_k,9.0,0.96,0.16,96,16,100,303,500,results/bobdylan_100x5_multi_t/t0p7/audit.llama31-8b-base.jsonl
0.7,meta-llama/Llama-3.1-8B,top_k,10.0,0.96,0.17,96,17,100,307,500,results/bobdylan_100x5_multi_t/t0p7/audit.llama31-8b-base.jsonl
0.7,meta-llama/Llama-3.1-8B,top_k,11.0,0.98,0.17,98,17,100,314,500,results/bobdylan_100x5_multi_t/t0p7/audit.llama31-8b-base.jsonl
0.7,meta-llama/Llama-3.1-8B,top_k,12.0,0.98,0.18,98,18,100,318,500,results/bobdylan_100x5_multi_t/t0p7/audit.llama31-8b-base.jsonl
0.7,meta-llama/Llama-3.1-8B,top_k,13.0,0.98,0.2,98,20,100,322,500,results/bobdylan_100x5_multi_t/t0p7/audit.llama31-8b-base.jsonl
0.7,meta-llama/Llama-3.1-8B,top_k,14.0,0.98,0.21,98,21,100,324,500,results/bobdylan_100x5_multi_t/t0p7/audit.llama31-8b-base.jsonl
0.7,meta-llama/Llama-3.1-8B,top_k,15.0,0.98,0.21,98,21,100,324,500,results/bobdylan_100x5_multi_t/t0p7/audit.llama31-8b-base.jsonl
0.7,meta-llama/Llama-3.1-8B,top_k,16.0,0.98,0.22,98,22,100,326,500,results/bobdylan_100x5_multi_t/t0p7/audit.llama31-8b-base.jsonl
0.7,meta-llama/Llama-3.1-8B,top_k,17.0,0.98,0.23,98,23,100,328,500,results/bobdylan_100x5_multi_t/t0p7/audit.llama31-8b-base.jsonl
0.7,meta-llama/Llama-3.1-8B,top_k,18.0,0.98,0.24,98,24,100,331,500,results/bobdylan_100x5_multi_t/t0p7/audit.llama31-8b-base.jsonl
0.7,meta-llama/Llama-3.1-8B,top_k,19.0,0.98,0.24,98,24,100,333,500,results/bobdylan_100x5_multi_t/t0p7/audit.llama31-8b-base.jsonl
0.7,meta-llama/Llama-3.1-8B,top_k,20.0,0.98,0.24,98,24,100,335,500,results/bobdylan_100x5_multi_t/t0p7/audit.llama31-8b-base.jsonl
0.7,meta-llama/Llama-3.1-8B,top_p,0.5,0.2,0.0,20,0,100,26,500,results/bobdylan_100x5_multi_t/t0p7/audit.llama31-8b-base.jsonl
0.7,meta-llama/Llama-3.1-8B,top_p,0.55,0.23,0.0,23,0,100,31,500,results/bobdylan_100x5_multi_t/t0p7/audit.llama31-8b-base.jsonl
0.7,meta-llama/Llama-3.1-8B,top_p,0.6,0.28,0.0,28,0,100,39,500,results/bobdylan_100x5_multi_t/t0p7/audit.llama31-8b-base.jsonl
0.7,meta-llama/Llama-3.1-8B,top_p,0.65,0.34,0.0,34,0,100,49,500,results/bobdylan_100x5_multi_t/t0p7/audit.llama31-8b-base.jsonl
0.7,meta-llama/Llama-3.1-8B,top_p,0.7,0.43,0.0,43,0,100,62,500,results/bobdylan_100x5_multi_t/t0p7/audit.llama31-8b-base.jsonl
0.7,meta-llama/Llama-3.1-8B,top_p,0.75,0.46,0.0,46,0,100,70,500,results/bobdylan_100x5_multi_t/t0p7/audit.llama31-8b-base.jsonl
0.7,meta-llama/Llama-3.1-8B,top_p,0.8,0.52,0.0,52,0,100,82,500,results/bobdylan_100x5_multi_t/t0p7/audit.llama31-8b-base.jsonl
0.7,meta-llama/Llama-3.1-8B,top_p,0.85,0.6,0.0,60,0,100,97,500,results/bobdylan_100x5_multi_t/t0p7/audit.llama31-8b-base.jsonl
0.7,meta-llama/Llama-3.1-8B,top_p,0.9,0.68,0.0,68,0,100,125,500,results/bobdylan_100x5_multi_t/t0p7/audit.llama31-8b-base.jsonl
0.7,meta-llama/Llama-3.1-8B,top_p,0.95,0.77,0.01,77,1,100,161,500,results/bobdylan_100x5_multi_t/t0p7/audit.llama31-8b-base.jsonl
0.7,meta-llama/Llama-3.1-8B,top_p,0.99,0.86,0.09,86,9,100,245,500,results/bobdylan_100x5_multi_t/t0p7/audit.llama31-8b-base.jsonl
0.7,meta-llama/Llama-3.1-8B,min_p,0.01,0.91,0.16,91,16,100,296,500,results/bobdylan_100x5_multi_t/t0p7/audit.llama31-8b-base.jsonl
0.7,meta-llama/Llama-3.1-8B,min_p,0.02,0.87,0.13,87,13,100,276,500,results/bobdylan_100x5_multi_t/t0p7/audit.llama31-8b-base.jsonl
0.7,meta-llama/Llama-3.1-8B,min_p,0.03,0.87,0.13,87,13,100,269,500,results/bobdylan_100x5_multi_t/t0p7/audit.llama31-8b-base.jsonl
0.7,meta-llama/Llama-3.1-8B,min_p,0.04,0.86,0.11,86,11,100,260,500,results/bobdylan_100x5_multi_t/t0p7/audit.llama31-8b-base.jsonl
0.7,meta-llama/Llama-3.1-8B,min_p,0.05,0.85,0.08,85,8,100,255,500,results/bobdylan_100x5_multi_t/t0p7/audit.llama31-8b-base.jsonl
0.7,meta-llama/Llama-3.1-8B,min_p,0.06,0.84,0.08,84,8,100,250,500,results/bobdylan_100x5_multi_t/t0p7/audit.llama31-8b-base.jsonl
0.7,meta-llama/Llama-3.1-8B,min_p,0.07,0.84,0.08,84,8,100,248,500,results/bobdylan_100x5_multi_t/t0p7/audit.llama31-8b-base.jsonl
0.7,meta-llama/Llama-3.1-8B,min_p,0.08,0.84,0.08,84,8,100,248,500,results/bobdylan_100x5_multi_t/t0p7/audit.llama31-8b-base.jsonl
0.7,meta-llama/Llama-3.1-8B,min_p,0.09,0.84,0.08,84,8,100,244,500,results/bobdylan_100x5_multi_t/t0p7/audit.llama31-8b-base.jsonl
0.7,meta-llama/Llama-3.1-8B,min_p,0.1,0.84,0.07,84,7,100,242,500,results/bobdylan_100x5_multi_t/t0p7/audit.llama31-8b-base.jsonl
1.0,meta-llama/Llama-3.1-8B,top_k,1.0,0.79,0.03,79,3,100,189,500,results/bobdylan_100x5_multi_t/t1/audit.llama31-8b-base.jsonl
1.0,meta-llama/Llama-3.1-8B,top_k,2.0,0.86,0.05,86,5,100,226,500,results/bobdylan_100x5_multi_t/t1/audit.llama31-8b-base.jsonl
1.0,meta-llama/Llama-3.1-8B,top_k,3.0,0.86,0.09,86,9,100,249,500,results/bobdylan_100x5_multi_t/t1/audit.llama31-8b-base.jsonl
1.0,meta-llama/Llama-3.1-8B,top_k,4.0,0.89,0.11,89,11,100,267,500,results/bobdylan_100x5_multi_t/t1/audit.llama31-8b-base.jsonl
1.0,meta-llama/Llama-3.1-8B,top_k,5.0,0.91,0.13,91,13,100,278,500,results/bobdylan_100x5_multi_t/t1/audit.llama31-8b-base.jsonl
1.0,meta-llama/Llama-3.1-8B,top_k,6.0,0.94,0.14,94,14,100,285,500,results/bobdylan_100x5_multi_t/t1/audit.llama31-8b-base.jsonl
1.0,meta-llama/Llama-3.1-8B,top_k,7.0,0.95,0.15,95,15,100,290,500,results/bobdylan_100x5_multi_t/t1/audit.llama31-8b-base.jsonl
1.0,meta-llama/Llama-3.1-8B,top_k,8.0,0.96,0.16,96,16,100,297,500,results/bobdylan_100x5_multi_t/t1/audit.llama31-8b-base.jsonl
1.0,meta-llama/Llama-3.1-8B,top_k,9.0,0.96,0.16,96,16,100,303,500,results/bobdylan_100x5_multi_t/t1/audit.llama31-8b-base.jsonl
1.0,meta-llama/Llama-3.1-8B,top_k,10.0,0.96,0.17,96,17,100,307,500,results/bobdylan_100x5_multi_t/t1/audit.llama31-8b-base.jsonl
1.0,meta-llama/Llama-3.1-8B,top_k,11.0,0.98,0.17,98,17,100,314,500,results/bobdylan_100x5_multi_t/t1/audit.llama31-8b-base.jsonl
1.0,meta-llama/Llama-3.1-8B,top_k,12.0,0.98,0.18,98,18,100,318,500,results/bobdylan_100x5_multi_t/t1/audit.llama31-8b-base.jsonl
1.0,meta-llama/Llama-3.1-8B,top_k,13.0,0.98,0.2,98,20,100,322,500,results/bobdylan_100x5_multi_t/t1/audit.llama31-8b-base.jsonl
1.0,meta-llama/Llama-3.1-8B,top_k,14.0,0.98,0.21,98,21,100,324,500,results/bobdylan_100x5_multi_t/t1/audit.llama31-8b-base.jsonl
1.0,meta-llama/Llama-3.1-8B,top_k,15.0,0.98,0.21,98,21,100,324,500,results/bobdylan_100x5_multi_t/t1/audit.llama31-8b-base.jsonl
1.0,meta-llama/Llama-3.1-8B,top_k,16.0,0.98,0.22,98,22,100,326,500,results/bobdylan_100x5_multi_t/t1/audit.llama31-8b-base.jsonl
1.0,meta-llama/Llama-3.1-8B,top_k,17.0,0.98,0.23,98,23,100,328,500,results/bobdylan_100x5_multi_t/t1/audit.llama31-8b-base.jsonl
1.0,meta-llama/Llama-3.1-8B,top_k,18.0,0.98,0.24,98,24,100,331,500,results/bobdylan_100x5_multi_t/t1/audit.llama31-8b-base.jsonl
1.0,meta-llama/Llama-3.1-8B,top_k,19.0,0.98,0.24,98,24,100,333,500,results/bobdylan_100x5_multi_t/t1/audit.llama31-8b-base.jsonl
1.0,meta-llama/Llama-3.1-8B,top_k,20.0,0.98,0.24,98,24,100,335,500,results/bobdylan_100x5_multi_t/t1/audit.llama31-8b-base.jsonl
1.0,meta-llama/Llama-3.1-8B,top_p,0.5,0.48,0.0,48,0,100,75,500,results/bobdylan_100x5_multi_t/t1/audit.llama31-8b-base.jsonl
1.0,meta-llama/Llama-3.1-8B,top_p,0.55,0.53,0.0,53,0,100,86,500,results/bobdylan_100x5_multi_t/t1/audit.llama31-8b-base.jsonl
1.0,meta-llama/Llama-3.1-8B,top_p,0.6,0.63,0.0,63,0,100,101,500,results/bobdylan_100x5_multi_t/t1/audit.llama31-8b-base.jsonl
1.0,meta-llama/Llama-3.1-8B,top_p,0.65,0.67,0.0,67,0,100,119,500,results/bobdylan_100x5_multi_t/t1/audit.llama31-8b-base.jsonl
1.0,meta-llama/Llama-3.1-8B,top_p,0.7,0.71,0.01,71,1,100,138,500,results/bobdylan_100x5_multi_t/t1/audit.llama31-8b-base.jsonl
1.0,meta-llama/Llama-3.1-8B,top_p,0.75,0.74,0.02,74,2,100,148,500,results/bobdylan_100x5_multi_t/t1/audit.llama31-8b-base.jsonl
1.0,meta-llama/Llama-3.1-8B,top_p,0.8,0.78,0.02,78,2,100,177,500,results/bobdylan_100x5_multi_t/t1/audit.llama31-8b-base.jsonl
1.0,meta-llama/Llama-3.1-8B,top_p,0.85,0.83,0.04,83,4,100,208,500,results/bobdylan_100x5_multi_t/t1/audit.llama31-8b-base.jsonl
1.0,meta-llama/Llama-3.1-8B,top_p,0.9,0.84,0.08,84,8,100,235,500,results/bobdylan_100x5_multi_t/t1/audit.llama31-8b-base.jsonl
1.0,meta-llama/Llama-3.1-8B,top_p,0.95,0.87,0.19,87,19,100,284,500,results/bobdylan_100x5_multi_t/t1/audit.llama31-8b-base.jsonl
1.0,meta-llama/Llama-3.1-8B,top_p,0.99,0.96,0.41,96,41,100,366,500,results/bobdylan_100x5_multi_t/t1/audit.llama31-8b-base.jsonl
1.0,meta-llama/Llama-3.1-8B,min_p,0.01,0.97,0.25,97,25,100,337,500,results/bobdylan_100x5_multi_t/t1/audit.llama31-8b-base.jsonl
1.0,meta-llama/Llama-3.1-8B,min_p,0.02,0.95,0.21,95,21,100,319,500,results/bobdylan_100x5_multi_t/t1/audit.llama31-8b-base.jsonl
1.0,meta-llama/Llama-3.1-8B,min_p,0.03,0.92,0.2,92,20,100,309,500,results/bobdylan_100x5_multi_t/t1/audit.llama31-8b-base.jsonl
1.0,meta-llama/Llama-3.1-8B,min_p,0.04,0.91,0.16,91,16,100,296,500,results/bobdylan_100x5_multi_t/t1/audit.llama31-8b-base.jsonl
1.0,meta-llama/Llama-3.1-8B,min_p,0.05,0.9,0.15,90,15,100,285,500,results/bobdylan_100x5_multi_t/t1/audit.llama31-8b-base.jsonl
1.0,meta-llama/Llama-3.1-8B,min_p,0.06,0.89,0.15,89,15,100,282,500,results/bobdylan_100x5_multi_t/t1/audit.llama31-8b-base.jsonl
1.0,meta-llama/Llama-3.1-8B,min_p,0.07,0.87,0.13,87,13,100,275,500,results/bobdylan_100x5_multi_t/t1/audit.llama31-8b-base.jsonl
1.0,meta-llama/Llama-3.1-8B,min_p,0.08,0.87,0.13,87,13,100,271,500,results/bobdylan_100x5_multi_t/t1/audit.llama31-8b-base.jsonl
1.0,meta-llama/Llama-3.1-8B,min_p,0.09,0.87,0.13,87,13,100,269,500,results/bobdylan_100x5_multi_t/t1/audit.llama31-8b-base.jsonl
1.0,meta-llama/Llama-3.1-8B,min_p,0.1,0.86,0.11,86,11,100,260,500,results/bobdylan_100x5_multi_t/t1/audit.llama31-8b-base.jsonl
1.5,meta-llama/Llama-3.1-8B,top_k,1.0,0.79,0.03,79,3,100,189,500,results/bobdylan_100x5_multi_t/t1p5/audit.llama31-8b-base.jsonl
1.5,meta-llama/Llama-3.1-8B,top_k,2.0,0.86,0.05,86,5,100,226,500,results/bobdylan_100x5_multi_t/t1p5/audit.llama31-8b-base.jsonl
1.5,meta-llama/Llama-3.1-8B,top_k,3.0,0.86,0.09,86,9,100,249,500,results/bobdylan_100x5_multi_t/t1p5/audit.llama31-8b-base.jsonl
1.5,meta-llama/Llama-3.1-8B,top_k,4.0,0.89,0.11,89,11,100,267,500,results/bobdylan_100x5_multi_t/t1p5/audit.llama31-8b-base.jsonl
1.5,meta-llama/Llama-3.1-8B,top_k,5.0,0.91,0.13,91,13,100,278,500,results/bobdylan_100x5_multi_t/t1p5/audit.llama31-8b-base.jsonl
1.5,meta-llama/Llama-3.1-8B,top_k,6.0,0.94,0.14,94,14,100,285,500,results/bobdylan_100x5_multi_t/t1p5/audit.llama31-8b-base.jsonl
1.5,meta-llama/Llama-3.1-8B,top_k,7.0,0.95,0.15,95,15,100,290,500,results/bobdylan_100x5_multi_t/t1p5/audit.llama31-8b-base.jsonl
1.5,meta-llama/Llama-3.1-8B,top_k,8.0,0.96,0.16,96,16,100,297,500,results/bobdylan_100x5_multi_t/t1p5/audit.llama31-8b-base.jsonl
1.5,meta-llama/Llama-3.1-8B,top_k,9.0,0.96,0.16,96,16,100,303,500,results/bobdylan_100x5_multi_t/t1p5/audit.llama31-8b-base.jsonl
1.5,meta-llama/Llama-3.1-8B,top_k,10.0,0.96,0.17,96,17,100,307,500,results/bobdylan_100x5_multi_t/t1p5/audit.llama31-8b-base.jsonl
1.5,meta-llama/Llama-3.1-8B,top_k,11.0,0.98,0.17,98,17,100,314,500,results/bobdylan_100x5_multi_t/t1p5/audit.llama31-8b-base.jsonl
1.5,meta-llama/Llama-3.1-8B,top_k,12.0,0.98,0.18,98,18,100,318,500,results/bobdylan_100x5_multi_t/t1p5/audit.llama31-8b-base.jsonl
1.5,meta-llama/Llama-3.1-8B,top_k,13.0,0.98,0.2,98,20,100,322,500,results/bobdylan_100x5_multi_t/t1p5/audit.llama31-8b-base.jsonl
1.5,meta-llama/Llama-3.1-8B,top_k,14.0,0.98,0.21,98,21,100,324,500,results/bobdylan_100x5_multi_t/t1p5/audit.llama31-8b-base.jsonl
1.5,meta-llama/Llama-3.1-8B,top_k,15.0,0.98,0.21,98,21,100,324,500,results/bobdylan_100x5_multi_t/t1p5/audit.llama31-8b-base.jsonl
1.5,meta-llama/Llama-3.1-8B,top_k,16.0,0.98,0.22,98,22,100,326,500,results/bobdylan_100x5_multi_t/t1p5/audit.llama31-8b-base.jsonl
1.5,meta-llama/Llama-3.1-8B,top_k,17.0,0.98,0.23,98,23,100,328,500,results/bobdylan_100x5_multi_t/t1p5/audit.llama31-8b-base.jsonl
1.5,meta-llama/Llama-3.1-8B,top_k,18.0,0.98,0.24,98,24,100,331,500,results/bobdylan_100x5_multi_t/t1p5/audit.llama31-8b-base.jsonl
1.5,meta-llama/Llama-3.1-8B,top_k,19.0,0.98,0.24,98,24,100,333,500,results/bobdylan_100x5_multi_t/t1p5/audit.llama31-8b-base.jsonl
1.5,meta-llama/Llama-3.1-8B,top_k,20.0,0.98,0.24,98,24,100,335,500,results/bobdylan_100x5_multi_t/t1p5/audit.llama31-8b-base.jsonl
1.5,meta-llama/Llama-3.1-8B,top_p,0.5,0.82,0.1,82,10,100,232,500,results/bobdylan_100x5_multi_t/t1p5/audit.llama31-8b-base.jsonl
1.5,meta-llama/Llama-3.1-8B,top_p,0.55,0.85,0.12,85,12,100,253,500,results/bobdylan_100x5_multi_t/t1p5/audit.llama31-8b-base.jsonl
1.5,meta-llama/Llama-3.1-8B,top_p,0.6,0.86,0.15,86,15,100,273,500,results/bobdylan_100x5_multi_t/t1p5/audit.llama31-8b-base.jsonl
1.5,meta-llama/Llama-3.1-8B,top_p,0.65,0.86,0.21,86,21,100,293,500,results/bobdylan_100x5_multi_t/t1p5/audit.llama31-8b-base.jsonl
1.5,meta-llama/Llama-3.1-8B,top_p,0.7,0.91,0.26,91,26,100,326,500,results/bobdylan_100x5_multi_t/t1p5/audit.llama31-8b-base.jsonl
1.5,meta-llama/Llama-3.1-8B,top_p,0.75,0.93,0.29,93,29,100,339,500,results/bobdylan_100x5_multi_t/t1p5/audit.llama31-8b-base.jsonl
1.5,meta-llama/Llama-3.1-8B,top_p,0.8,0.95,0.36,95,36,100,360,500,results/bobdylan_100x5_multi_t/t1p5/audit.llama31-8b-base.jsonl
1.5,meta-llama/Llama-3.1-8B,top_p,0.85,0.96,0.47,96,47,100,387,500,results/bobdylan_100x5_multi_t/t1p5/audit.llama31-8b-base.jsonl
1.5,meta-llama/Llama-3.1-8B,top_p,0.9,0.99,0.53,99,53,100,415,500,results/bobdylan_100x5_multi_t/t1p5/audit.llama31-8b-base.jsonl
1.5,meta-llama/Llama-3.1-8B,top_p,0.95,1.0,0.74,100,74,100,462,500,results/bobdylan_100x5_multi_t/t1p5/audit.llama31-8b-base.jsonl
1.5,meta-llama/Llama-3.1-8B,top_p,0.99,1.0,0.94,100,94,100,493,500,results/bobdylan_100x5_multi_t/t1p5/audit.llama31-8b-base.jsonl
1.5,meta-llama/Llama-3.1-8B,min_p,0.01,0.98,0.46,98,46,100,405,500,results/bobdylan_100x5_multi_t/t1p5/audit.llama31-8b-base.jsonl
1.5,meta-llama/Llama-3.1-8B,min_p,0.02,0.98,0.35,98,35,100,374,500,results/bobdylan_100x5_multi_t/t1p5/audit.llama31-8b-base.jsonl
1.5,meta-llama/Llama-3.1-8B,min_p,0.03,0.98,0.31,98,31,100,363,500,results/bobdylan_100x5_multi_t/t1p5/audit.llama31-8b-base.jsonl
1.5,meta-llama/Llama-3.1-8B,min_p,0.04,0.98,0.25,98,25,100,343,500,results/bobdylan_100x5_multi_t/t1p5/audit.llama31-8b-base.jsonl
1.5,meta-llama/Llama-3.1-8B,min_p,0.05,0.97,0.24,97,24,100,334,500,results/bobdylan_100x5_multi_t/t1p5/audit.llama31-8b-base.jsonl
1.5,meta-llama/Llama-3.1-8B,min_p,0.06,0.97,0.23,97,23,100,326,500,results/bobdylan_100x5_multi_t/t1p5/audit.llama31-8b-base.jsonl
1.5,meta-llama/Llama-3.1-8B,min_p,0.07,0.95,0.21,95,21,100,319,500,results/bobdylan_100x5_multi_t/t1p5/audit.llama31-8b-base.jsonl
1.5,meta-llama/Llama-3.1-8B,min_p,0.08,0.95,0.2,95,20,100,317,500,results/bobdylan_100x5_multi_t/t1p5/audit.llama31-8b-base.jsonl
1.5,meta-llama/Llama-3.1-8B,min_p,0.09,0.92,0.2,92,20,100,310,500,results/bobdylan_100x5_multi_t/t1p5/audit.llama31-8b-base.jsonl
1.5,meta-llama/Llama-3.1-8B,min_p,0.1,0.92,0.17,92,17,100,304,500,results/bobdylan_100x5_multi_t/t1p5/audit.llama31-8b-base.jsonl
0.7,meta-llama/Llama-3.1-8B-Instruct,top_k,1.0,0.76,0.01,76,1,100,164,500,results/bobdylan_100x5_multi_t/t0p7/audit.llama31-8b-instruct.jsonl
0.7,meta-llama/Llama-3.1-8B-Instruct,top_k,2.0,0.84,0.04,84,4,100,200,500,results/bobdylan_100x5_multi_t/t0p7/audit.llama31-8b-instruct.jsonl
0.7,meta-llama/Llama-3.1-8B-Instruct,top_k,3.0,0.86,0.06,86,6,100,223,500,results/bobdylan_100x5_multi_t/t0p7/audit.llama31-8b-instruct.jsonl
0.7,meta-llama/Llama-3.1-8B-Instruct,top_k,4.0,0.87,0.08,87,8,100,234,500,results/bobdylan_100x5_multi_t/t0p7/audit.llama31-8b-instruct.jsonl
0.7,meta-llama/Llama-3.1-8B-Instruct,top_k,5.0,0.87,0.09,87,9,100,242,500,results/bobdylan_100x5_multi_t/t0p7/audit.llama31-8b-instruct.jsonl
0.7,meta-llama/Llama-3.1-8B-Instruct,top_k,6.0,0.88,0.11,88,11,100,259,500,results/bobdylan_100x5_multi_t/t0p7/audit.llama31-8b-instruct.jsonl
0.7,meta-llama/Llama-3.1-8B-Instruct,top_k,7.0,0.89,0.13,89,13,100,270,500,results/bobdylan_100x5_multi_t/t0p7/audit.llama31-8b-instruct.jsonl
0.7,meta-llama/Llama-3.1-8B-Instruct,top_k,8.0,0.9,0.13,90,13,100,274,500,results/bobdylan_100x5_multi_t/t0p7/audit.llama31-8b-instruct.jsonl
0.7,meta-llama/Llama-3.1-8B-Instruct,top_k,9.0,0.91,0.13,91,13,100,277,500,results/bobdylan_100x5_multi_t/t0p7/audit.llama31-8b-instruct.jsonl
0.7,meta-llama/Llama-3.1-8B-Instruct,top_k,10.0,0.92,0.14,92,14,100,284,500,results/bobdylan_100x5_multi_t/t0p7/audit.llama31-8b-instruct.jsonl
0.7,meta-llama/Llama-3.1-8B-Instruct,top_k,11.0,0.93,0.14,93,14,100,288,500,results/bobdylan_100x5_multi_t/t0p7/audit.llama31-8b-instruct.jsonl
0.7,meta-llama/Llama-3.1-8B-Instruct,top_k,12.0,0.93,0.14,93,14,100,291,500,results/bobdylan_100x5_multi_t/t0p7/audit.llama31-8b-instruct.jsonl
0.7,meta-llama/Llama-3.1-8B-Instruct,top_k,13.0,0.93,0.14,93,14,100,295,500,results/bobdylan_100x5_multi_t/t0p7/audit.llama31-8b-instruct.jsonl
0.7,meta-llama/Llama-3.1-8B-Instruct,top_k,14.0,0.93,0.15,93,15,100,298,500,results/bobdylan_100x5_multi_t/t0p7/audit.llama31-8b-instruct.jsonl
0.7,meta-llama/Llama-3.1-8B-Instruct,top_k,15.0,0.93,0.15,93,15,100,301,500,results/bobdylan_100x5_multi_t/t0p7/audit.llama31-8b-instruct.jsonl
0.7,meta-llama/Llama-3.1-8B-Instruct,top_k,16.0,0.93,0.17,93,17,100,305,500,results/bobdylan_100x5_multi_t/t0p7/audit.llama31-8b-instruct.jsonl
0.7,meta-llama/Llama-3.1-8B-Instruct,top_k,17.0,0.94,0.19,94,19,100,308,500,results/bobdylan_100x5_multi_t/t0p7/audit.llama31-8b-instruct.jsonl
0.7,meta-llama/Llama-3.1-8B-Instruct,top_k,18.0,0.94,0.2,94,20,100,311,500,results/bobdylan_100x5_multi_t/t0p7/audit.llama31-8b-instruct.jsonl
0.7,meta-llama/Llama-3.1-8B-Instruct,top_k,19.0,0.96,0.2,96,20,100,315,500,results/bobdylan_100x5_multi_t/t0p7/audit.llama31-8b-instruct.jsonl
0.7,meta-llama/Llama-3.1-8B-Instruct,top_k,20.0,0.96,0.2,96,20,100,316,500,results/bobdylan_100x5_multi_t/t0p7/audit.llama31-8b-instruct.jsonl
0.7,meta-llama/Llama-3.1-8B-Instruct,top_p,0.5,0.21,0.0,21,0,100,26,500,results/bobdylan_100x5_multi_t/t0p7/audit.llama31-8b-instruct.jsonl
0.7,meta-llama/Llama-3.1-8B-Instruct,top_p,0.55,0.25,0.0,25,0,100,32,500,results/bobdylan_100x5_multi_t/t0p7/audit.llama31-8b-instruct.jsonl
0.7,meta-llama/Llama-3.1-8B-Instruct,top_p,0.6,0.31,0.0,31,0,100,39,500,results/bobdylan_100x5_multi_t/t0p7/audit.llama31-8b-instruct.jsonl
0.7,meta-llama/Llama-3.1-8B-Instruct,top_p,0.65,0.37,0.0,37,0,100,49,500,results/bobdylan_100x5_multi_t/t0p7/audit.llama31-8b-instruct.jsonl
0.7,meta-llama/Llama-3.1-8B-Instruct,top_p,0.7,0.46,0.0,46,0,100,64,500,results/bobdylan_100x5_multi_t/t0p7/audit.llama31-8b-instruct.jsonl
0.7,meta-llama/Llama-3.1-8B-Instruct,top_p,0.75,0.55,0.0,55,0,100,80,500,results/bobdylan_100x5_multi_t/t0p7/audit.llama31-8b-instruct.jsonl
0.7,meta-llama/Llama-3.1-8B-Instruct,top_p,0.8,0.63,0.0,63,0,100,100,500,results/bobdylan_100x5_multi_t/t0p7/audit.llama31-8b-instruct.jsonl
0.7,meta-llama/Llama-3.1-8B-Instruct,top_p,0.85,0.65,0.0,65,0,100,116,500,results/bobdylan_100x5_multi_t/t0p7/audit.llama31-8b-instruct.jsonl
0.7,meta-llama/Llama-3.1-8B-Instruct,top_p,0.9,0.71,0.02,71,2,100,142,500,results/bobdylan_100x5_multi_t/t0p7/audit.llama31-8b-instruct.jsonl
0.7,meta-llama/Llama-3.1-8B-Instruct,top_p,0.95,0.81,0.03,81,3,100,186,500,results/bobdylan_100x5_multi_t/t0p7/audit.llama31-8b-instruct.jsonl
0.7,meta-llama/Llama-3.1-8B-Instruct,top_p,0.99,0.86,0.11,86,11,100,260,500,results/bobdylan_100x5_multi_t/t0p7/audit.llama31-8b-instruct.jsonl
0.7,meta-llama/Llama-3.1-8B-Instruct,min_p,0.01,0.86,0.1,86,10,100,273,500,results/bobdylan_100x5_multi_t/t0p7/audit.llama31-8b-instruct.jsonl
0.7,meta-llama/Llama-3.1-8B-Instruct,min_p,0.02,0.85,0.1,85,10,100,259,500,results/bobdylan_100x5_multi_t/t0p7/audit.llama31-8b-instruct.jsonl
0.7,meta-llama/Llama-3.1-8B-Instruct,min_p,0.03,0.85,0.09,85,9,100,248,500,results/bobdylan_100x5_multi_t/t0p7/audit.llama31-8b-instruct.jsonl
0.7,meta-llama/Llama-3.1-8B-Instruct,min_p,0.04,0.83,0.09,83,9,100,241,500,results/bobdylan_100x5_multi_t/t0p7/audit.llama31-8b-instruct.jsonl
0.7,meta-llama/Llama-3.1-8B-Instruct,min_p,0.05,0.82,0.07,82,7,100,236,500,results/bobdylan_100x5_multi_t/t0p7/audit.llama31-8b-instruct.jsonl
0.7,meta-llama/Llama-3.1-8B-Instruct,min_p,0.06,0.82,0.07,82,7,100,228,500,results/bobdylan_100x5_multi_t/t0p7/audit.llama31-8b-instruct.jsonl
0.7,meta-llama/Llama-3.1-8B-Instruct,min_p,0.07,0.82,0.07,82,7,100,228,500,results/bobdylan_100x5_multi_t/t0p7/audit.llama31-8b-instruct.jsonl
0.7,meta-llama/Llama-3.1-8B-Instruct,min_p,0.08,0.82,0.07,82,7,100,228,500,results/bobdylan_100x5_multi_t/t0p7/audit.llama31-8b-instruct.jsonl
0.7,meta-llama/Llama-3.1-8B-Instruct,min_p,0.09,0.82,0.06,82,6,100,220,500,results/bobdylan_100x5_multi_t/t0p7/audit.llama31-8b-instruct.jsonl
0.7,meta-llama/Llama-3.1-8B-Instruct,min_p,0.1,0.82,0.06,82,6,100,216,500,results/bobdylan_100x5_multi_t/t0p7/audit.llama31-8b-instruct.jsonl
1.0,meta-llama/Llama-3.1-8B-Instruct,top_k,1.0,0.76,0.01,76,1,100,164,500,results/bobdylan_100x5_multi_t/t1/audit.llama31-8b-instruct.jsonl
1.0,meta-llama/Llama-3.1-8B-Instruct,top_k,2.0,0.84,0.04,84,4,100,200,500,results/bobdylan_100x5_multi_t/t1/audit.llama31-8b-instruct.jsonl
1.0,meta-llama/Llama-3.1-8B-Instruct,top_k,3.0,0.86,0.06,86,6,100,223,500,results/bobdylan_100x5_multi_t/t1/audit.llama31-8b-instruct.jsonl
1.0,meta-llama/Llama-3.1-8B-Instruct,top_k,4.0,0.87,0.08,87,8,100,234,500,results/bobdylan_100x5_multi_t/t1/audit.llama31-8b-instruct.jsonl
1.0,meta-llama/Llama-3.1-8B-Instruct,top_k,5.0,0.87,0.09,87,9,100,242,500,results/bobdylan_100x5_multi_t/t1/audit.llama31-8b-instruct.jsonl
1.0,meta-llama/Llama-3.1-8B-Instruct,top_k,6.0,0.88,0.11,88,11,100,259,500,results/bobdylan_100x5_multi_t/t1/audit.llama31-8b-instruct.jsonl
1.0,meta-llama/Llama-3.1-8B-Instruct,top_k,7.0,0.89,0.13,89,13,100,270,500,results/bobdylan_100x5_multi_t/t1/audit.llama31-8b-instruct.jsonl
1.0,meta-llama/Llama-3.1-8B-Instruct,top_k,8.0,0.9,0.13,90,13,100,274,500,results/bobdylan_100x5_multi_t/t1/audit.llama31-8b-instruct.jsonl
1.0,meta-llama/Llama-3.1-8B-Instruct,top_k,9.0,0.91,0.13,91,13,100,277,500,results/bobdylan_100x5_multi_t/t1/audit.llama31-8b-instruct.jsonl
1.0,meta-llama/Llama-3.1-8B-Instruct,top_k,10.0,0.92,0.14,92,14,100,284,500,results/bobdylan_100x5_multi_t/t1/audit.llama31-8b-instruct.jsonl
1.0,meta-llama/Llama-3.1-8B-Instruct,top_k,11.0,0.93,0.14,93,14,100,288,500,results/bobdylan_100x5_multi_t/t1/audit.llama31-8b-instruct.jsonl
1.0,meta-llama/Llama-3.1-8B-Instruct,top_k,12.0,0.93,0.14,93,14,100,291,500,results/bobdylan_100x5_multi_t/t1/audit.llama31-8b-instruct.jsonl
1.0,meta-llama/Llama-3.1-8B-Instruct,top_k,13.0,0.93,0.14,93,14,100,295,500,results/bobdylan_100x5_multi_t/t1/audit.llama31-8b-instruct.jsonl
1.0,meta-llama/Llama-3.1-8B-Instruct,top_k,14.0,0.93,0.15,93,15,100,298,500,results/bobdylan_100x5_multi_t/t1/audit.llama31-8b-instruct.jsonl
1.0,meta-llama/Llama-3.1-8B-Instruct,top_k,15.0,0.93,0.15,93,15,100,301,500,results/bobdylan_100x5_multi_t/t1/audit.llama31-8b-instruct.jsonl
1.0,meta-llama/Llama-3.1-8B-Instruct,top_k,16.0,0.93,0.17,93,17,100,305,500,results/bobdylan_100x5_multi_t/t1/audit.llama31-8b-instruct.jsonl
1.0,meta-llama/Llama-3.1-8B-Instruct,top_k,17.0,0.94,0.19,94,19,100,308,500,results/bobdylan_100x5_multi_t/t1/audit.llama31-8b-instruct.jsonl
1.0,meta-llama/Llama-3.1-8B-Instruct,top_k,18.0,0.94,0.2,94,20,100,311,500,results/bobdylan_100x5_multi_t/t1/audit.llama31-8b-instruct.jsonl
1.0,meta-llama/Llama-3.1-8B-Instruct,top_k,19.0,0.96,0.2,96,20,100,315,500,results/bobdylan_100x5_multi_t/t1/audit.llama31-8b-instruct.jsonl
1.0,meta-llama/Llama-3.1-8B-Instruct,top_k,20.0,0.96,0.2,96,20,100,316,500,results/bobdylan_100x5_multi_t/t1/audit.llama31-8b-instruct.jsonl
1.0,meta-llama/Llama-3.1-8B-Instruct,top_p,0.5,0.57,0.0,57,0,100,92,500,results/bobdylan_100x5_multi_t/t1/audit.llama31-8b-instruct.jsonl
1.0,meta-llama/Llama-3.1-8B-Instruct,top_p,0.55,0.62,0.01,62,1,100,113,500,results/bobdylan_100x5_multi_t/t1/audit.llama31-8b-instruct.jsonl
1.0,meta-llama/Llama-3.1-8B-Instruct,top_p,0.6,0.65,0.03,65,3,100,132,500,results/bobdylan_100x5_multi_t/t1/audit.llama31-8b-instruct.jsonl
1.0,meta-llama/Llama-3.1-8B-Instruct,top_p,0.65,0.69,0.03,69,3,100,142,500,results/bobdylan_100x5_multi_t/t1/audit.llama31-8b-instruct.jsonl
1.0,meta-llama/Llama-3.1-8B-Instruct,top_p,0.7,0.76,0.03,76,3,100,165,500,results/bobdylan_100x5_multi_t/t1/audit.llama31-8b-instruct.jsonl
1.0,meta-llama/Llama-3.1-8B-Instruct,top_p,0.75,0.78,0.04,78,4,100,183,500,results/bobdylan_100x5_multi_t/t1/audit.llama31-8b-instruct.jsonl
1.0,meta-llama/Llama-3.1-8B-Instruct,top_p,0.8,0.8,0.04,80,4,100,204,500,results/bobdylan_100x5_multi_t/t1/audit.llama31-8b-instruct.jsonl
1.0,meta-llama/Llama-3.1-8B-Instruct,top_p,0.85,0.83,0.07,83,7,100,228,500,results/bobdylan_100x5_multi_t/t1/audit.llama31-8b-instruct.jsonl
1.0,meta-llama/Llama-3.1-8B-Instruct,top_p,0.9,0.85,0.12,85,12,100,260,500,results/bobdylan_100x5_multi_t/t1/audit.llama31-8b-instruct.jsonl
1.0,meta-llama/Llama-3.1-8B-Instruct,top_p,0.95,0.91,0.2,91,20,100,305,500,results/bobdylan_100x5_multi_t/t1/audit.llama31-8b-instruct.jsonl
1.0,meta-llama/Llama-3.1-8B-Instruct,top_p,0.99,0.95,0.4,95,40,100,375,500,results/bobdylan_100x5_multi_t/t1/audit.llama31-8b-instruct.jsonl
1.0,meta-llama/Llama-3.1-8B-Instruct,min_p,0.01,0.95,0.22,95,22,100,331,500,results/bobdylan_100x5_multi_t/t1/audit.llama31-8b-instruct.jsonl
1.0,meta-llama/Llama-3.1-8B-Instruct,min_p,0.02,0.91,0.17,91,17,100,304,500,results/bobdylan_100x5_multi_t/t1/audit.llama31-8b-instruct.jsonl
1.0,meta-llama/Llama-3.1-8B-Instruct,min_p,0.03,0.89,0.12,89,12,100,287,500,results/bobdylan_100x5_multi_t/t1/audit.llama31-8b-instruct.jsonl
1.0,meta-llama/Llama-3.1-8B-Instruct,min_p,0.04,0.86,0.1,86,10,100,273,500,results/bobdylan_100x5_multi_t/t1/audit.llama31-8b-instruct.jsonl
1.0,meta-llama/Llama-3.1-8B-Instruct,min_p,0.05,0.85,0.1,85,10,100,265,500,results/bobdylan_100x5_multi_t/t1/audit.llama31-8b-instruct.jsonl
1.0,meta-llama/Llama-3.1-8B-Instruct,min_p,0.06,0.85,0.1,85,10,100,262,500,results/bobdylan_100x5_multi_t/t1/audit.llama31-8b-instruct.jsonl
1.0,meta-llama/Llama-3.1-8B-Instruct,min_p,0.07,0.85,0.1,85,10,100,254,500,results/bobdylan_100x5_multi_t/t1/audit.llama31-8b-instruct.jsonl
1.0,meta-llama/Llama-3.1-8B-Instruct,min_p,0.08,0.85,0.09,85,9,100,252,500,results/bobdylan_100x5_multi_t/t1/audit.llama31-8b-instruct.jsonl
1.0,meta-llama/Llama-3.1-8B-Instruct,min_p,0.09,0.85,0.09,85,9,100,247,500,results/bobdylan_100x5_multi_t/t1/audit.llama31-8b-instruct.jsonl
1.0,meta-llama/Llama-3.1-8B-Instruct,min_p,0.1,0.83,0.09,83,9,100,241,500,results/bobdylan_100x5_multi_t/t1/audit.llama31-8b-instruct.jsonl
1.5,meta-llama/Llama-3.1-8B-Instruct,top_k,1.0,0.76,0.01,76,1,100,164,500,results/bobdylan_100x5_multi_t/t1p5/audit.llama31-8b-instruct.jsonl
1.5,meta-llama/Llama-3.1-8B-Instruct,top_k,2.0,0.84,0.04,84,4,100,200,500,results/bobdylan_100x5_multi_t/t1p5/audit.llama31-8b-instruct.jsonl
1.5,meta-llama/Llama-3.1-8B-Instruct,top_k,3.0,0.86,0.06,86,6,100,223,500,results/bobdylan_100x5_multi_t/t1p5/audit.llama31-8b-instruct.jsonl
1.5,meta-llama/Llama-3.1-8B-Instruct,top_k,4.0,0.87,0.08,87,8,100,234,500,results/bobdylan_100x5_multi_t/t1p5/audit.llama31-8b-instruct.jsonl
1.5,meta-llama/Llama-3.1-8B-Instruct,top_k,5.0,0.87,0.09,87,9,100,242,500,results/bobdylan_100x5_multi_t/t1p5/audit.llama31-8b-instruct.jsonl
1.5,meta-llama/Llama-3.1-8B-Instruct,top_k,6.0,0.88,0.11,88,11,100,259,500,results/bobdylan_100x5_multi_t/t1p5/audit.llama31-8b-instruct.jsonl
1.5,meta-llama/Llama-3.1-8B-Instruct,top_k,7.0,0.89,0.13,89,13,100,270,500,results/bobdylan_100x5_multi_t/t1p5/audit.llama31-8b-instruct.jsonl
1.5,meta-llama/Llama-3.1-8B-Instruct,top_k,8.0,0.9,0.13,90,13,100,274,500,results/bobdylan_100x5_multi_t/t1p5/audit.llama31-8b-instruct.jsonl
1.5,meta-llama/Llama-3.1-8B-Instruct,top_k,9.0,0.91,0.13,91,13,100,277,500,results/bobdylan_100x5_multi_t/t1p5/audit.llama31-8b-instruct.jsonl
1.5,meta-llama/Llama-3.1-8B-Instruct,top_k,10.0,0.92,0.14,92,14,100,284,500,results/bobdylan_100x5_multi_t/t1p5/audit.llama31-8b-instruct.jsonl
1.5,meta-llama/Llama-3.1-8B-Instruct,top_k,11.0,0.93,0.14,93,14,100,288,500,results/bobdylan_100x5_multi_t/t1p5/audit.llama31-8b-instruct.jsonl
1.5,meta-llama/Llama-3.1-8B-Instruct,top_k,12.0,0.93,0.14,93,14,100,291,500,results/bobdylan_100x5_multi_t/t1p5/audit.llama31-8b-instruct.jsonl
1.5,meta-llama/Llama-3.1-8B-Instruct,top_k,13.0,0.93,0.14,93,14,100,295,500,results/bobdylan_100x5_multi_t/t1p5/audit.llama31-8b-instruct.jsonl
1.5,meta-llama/Llama-3.1-8B-Instruct,top_k,14.0,0.93,0.15,93,15,100,298,500,results/bobdylan_100x5_multi_t/t1p5/audit.llama31-8b-instruct.jsonl
1.5,meta-llama/Llama-3.1-8B-Instruct,top_k,15.0,0.93,0.15,93,15,100,301,500,results/bobdylan_100x5_multi_t/t1p5/audit.llama31-8b-instruct.jsonl
1.5,meta-llama/Llama-3.1-8B-Instruct,top_k,16.0,0.93,0.17,93,17,100,305,500,results/bobdylan_100x5_multi_t/t1p5/audit.llama31-8b-instruct.jsonl
1.5,meta-llama/Llama-3.1-8B-Instruct,top_k,17.0,0.94,0.19,94,19,100,308,500,results/bobdylan_100x5_multi_t/t1p5/audit.llama31-8b-instruct.jsonl
1.5,meta-llama/Llama-3.1-8B-Instruct,top_k,18.0,0.94,0.2,94,20,100,311,500,results/bobdylan_100x5_multi_t/t1p5/audit.llama31-8b-instruct.jsonl
1.5,meta-llama/Llama-3.1-8B-Instruct,top_k,19.0,0.96,0.2,96,20,100,315,500,results/bobdylan_100x5_multi_t/t1p5/audit.llama31-8b-instruct.jsonl
1.5,meta-llama/Llama-3.1-8B-Instruct,top_k,20.0,0.96,0.2,96,20,100,316,500,results/bobdylan_100x5_multi_t/t1p5/audit.llama31-8b-instruct.jsonl
1.5,meta-llama/Llama-3.1-8B-Instruct,top_p,0.5,0.86,0.16,86,16,100,270,500,results/bobdylan_100x5_multi_t/t1p5/audit.llama31-8b-instruct.jsonl
1.5,meta-llama/Llama-3.1-8B-Instruct,top_p,0.55,0.87,0.17,87,17,100,286,500,results/bobdylan_100x5_multi_t/t1p5/audit.llama31-8b-instruct.jsonl
1.5,meta-llama/Llama-3.1-8B-Instruct,top_p,0.6,0.9,0.2,90,20,100,304,500,results/bobdylan_100x5_multi_t/t1p5/audit.llama31-8b-instruct.jsonl
1.5,meta-llama/Llama-3.1-8B-Instruct,top_p,0.65,0.93,0.24,93,24,100,329,500,results/bobdylan_100x5_multi_t/t1p5/audit.llama31-8b-instruct.jsonl
1.5,meta-llama/Llama-3.1-8B-Instruct,top_p,0.7,0.95,0.29,95,29,100,344,500,results/bobdylan_100x5_multi_t/t1p5/audit.llama31-8b-instruct.jsonl
1.5,meta-llama/Llama-3.1-8B-Instruct,top_p,0.75,0.97,0.36,97,36,100,367,500,results/bobdylan_100x5_multi_t/t1p5/audit.llama31-8b-instruct.jsonl
1.5,meta-llama/Llama-3.1-8B-Instruct,top_p,0.8,0.97,0.43,97,43,100,389,500,results/bobdylan_100x5_multi_t/t1p5/audit.llama31-8b-instruct.jsonl
1.5,meta-llama/Llama-3.1-8B-Instruct,top_p,0.85,0.97,0.53,97,53,100,413,500,results/bobdylan_100x5_multi_t/t1p5/audit.llama31-8b-instruct.jsonl
1.5,meta-llama/Llama-3.1-8B-Instruct,top_p,0.9,1.0,0.58,100,58,100,435,500,results/bobdylan_100x5_multi_t/t1p5/audit.llama31-8b-instruct.jsonl
1.5,meta-llama/Llama-3.1-8B-Instruct,top_p,0.95,1.0,0.72,100,72,100,463,500,results/bobdylan_100x5_multi_t/t1p5/audit.llama31-8b-instruct.jsonl
1.5,meta-llama/Llama-3.1-8B-Instruct,top_p,0.99,1.0,0.94,100,94,100,491,500,results/bobdylan_100x5_multi_t/t1p5/audit.llama31-8b-instruct.jsonl
1.5,meta-llama/Llama-3.1-8B-Instruct,min_p,0.01,0.97,0.51,97,51,100,403,500,results/bobdylan_100x5_multi_t/t1p5/audit.llama31-8b-instruct.jsonl
1.5,meta-llama/Llama-3.1-8B-Instruct,min_p,0.02,0.97,0.41,97,41,100,377,500,results/bobdylan_100x5_multi_t/t1p5/audit.llama31-8b-instruct.jsonl
1.5,meta-llama/Llama-3.1-8B-Instruct,min_p,0.03,0.97,0.3,97,30,100,350,500,results/bobdylan_100x5_multi_t/t1p5/audit.llama31-8b-instruct.jsonl
1.5,meta-llama/Llama-3.1-8B-Instruct,min_p,0.04,0.96,0.24,96,24,100,336,500,results/bobdylan_100x5_multi_t/t1p5/audit.llama31-8b-instruct.jsonl
1.5,meta-llama/Llama-3.1-8B-Instruct,min_p,0.05,0.94,0.22,94,22,100,325,500,results/bobdylan_100x5_multi_t/t1p5/audit.llama31-8b-instruct.jsonl
1.5,meta-llama/Llama-3.1-8B-Instruct,min_p,0.06,0.93,0.19,93,19,100,313,500,results/bobdylan_100x5_multi_t/t1p5/audit.llama31-8b-instruct.jsonl
1.5,meta-llama/Llama-3.1-8B-Instruct,min_p,0.07,0.93,0.18,93,18,100,307,500,results/bobdylan_100x5_multi_t/t1p5/audit.llama31-8b-instruct.jsonl
1.5,meta-llama/Llama-3.1-8B-Instruct,min_p,0.08,0.9,0.16,90,16,100,299,500,results/bobdylan_100x5_multi_t/t1p5/audit.llama31-8b-instruct.jsonl
1.5,meta-llama/Llama-3.1-8B-Instruct,min_p,0.09,0.89,0.14,89,14,100,291,500,results/bobdylan_100x5_multi_t/t1p5/audit.llama31-8b-instruct.jsonl
1.5,meta-llama/Llama-3.1-8B-Instruct,min_p,0.1,0.89,0.12,89,12,100,285,500,results/bobdylan_100x5_multi_t/t1p5/audit.llama31-8b-instruct.jsonl
0.7,mistralai/Mistral-7B-Instruct-v0.3,top_k,1.0,0.79,0.03,79,3,100,187,500,results/bobdylan_100x5_multi_t/t0p7/audit.mistral7b-v03-instruct.jsonl
0.7,mistralai/Mistral-7B-Instruct-v0.3,top_k,2.0,0.85,0.06,85,6,100,215,500,results/bobdylan_100x5_multi_t/t0p7/audit.mistral7b-v03-instruct.jsonl
0.7,mistralai/Mistral-7B-Instruct-v0.3,top_k,3.0,0.89,0.09,89,9,100,234,500,results/bobdylan_100x5_multi_t/t0p7/audit.mistral7b-v03-instruct.jsonl
0.7,mistralai/Mistral-7B-Instruct-v0.3,top_k,4.0,0.9,0.1,90,10,100,248,500,results/bobdylan_100x5_multi_t/t0p7/audit.mistral7b-v03-instruct.jsonl
0.7,mistralai/Mistral-7B-Instruct-v0.3,top_k,5.0,0.9,0.11,90,11,100,263,500,results/bobdylan_100x5_multi_t/t0p7/audit.mistral7b-v03-instruct.jsonl
0.7,mistralai/Mistral-7B-Instruct-v0.3,top_k,6.0,0.91,0.13,91,13,100,268,500,results/bobdylan_100x5_multi_t/t0p7/audit.mistral7b-v03-instruct.jsonl
0.7,mistralai/Mistral-7B-Instruct-v0.3,top_k,7.0,0.92,0.14,92,14,100,273,500,results/bobdylan_100x5_multi_t/t0p7/audit.mistral7b-v03-instruct.jsonl
0.7,mistralai/Mistral-7B-Instruct-v0.3,top_k,8.0,0.92,0.14,92,14,100,277,500,results/bobdylan_100x5_multi_t/t0p7/audit.mistral7b-v03-instruct.jsonl
0.7,mistralai/Mistral-7B-Instruct-v0.3,top_k,9.0,0.92,0.14,92,14,100,279,500,results/bobdylan_100x5_multi_t/t0p7/audit.mistral7b-v03-instruct.jsonl
0.7,mistralai/Mistral-7B-Instruct-v0.3,top_k,10.0,0.93,0.17,93,17,100,285,500,results/bobdylan_100x5_multi_t/t0p7/audit.mistral7b-v03-instruct.jsonl
0.7,mistralai/Mistral-7B-Instruct-v0.3,top_k,11.0,0.93,0.17,93,17,100,287,500,results/bobdylan_100x5_multi_t/t0p7/audit.mistral7b-v03-instruct.jsonl
0.7,mistralai/Mistral-7B-Instruct-v0.3,top_k,12.0,0.93,0.17,93,17,100,290,500,results/bobdylan_100x5_multi_t/t0p7/audit.mistral7b-v03-instruct.jsonl
0.7,mistralai/Mistral-7B-Instruct-v0.3,top_k,13.0,0.93,0.18,93,18,100,293,500,results/bobdylan_100x5_multi_t/t0p7/audit.mistral7b-v03-instruct.jsonl
0.7,mistralai/Mistral-7B-Instruct-v0.3,top_k,14.0,0.93,0.2,93,20,100,297,500,results/bobdylan_100x5_multi_t/t0p7/audit.mistral7b-v03-instruct.jsonl
0.7,mistralai/Mistral-7B-Instruct-v0.3,top_k,15.0,0.94,0.22,94,22,100,301,500,results/bobdylan_100x5_multi_t/t0p7/audit.mistral7b-v03-instruct.jsonl
0.7,mistralai/Mistral-7B-Instruct-v0.3,top_k,16.0,0.94,0.22,94,22,100,306,500,results/bobdylan_100x5_multi_t/t0p7/audit.mistral7b-v03-instruct.jsonl
0.7,mistralai/Mistral-7B-Instruct-v0.3,top_k,17.0,0.94,0.23,94,23,100,309,500,results/bobdylan_100x5_multi_t/t0p7/audit.mistral7b-v03-instruct.jsonl
0.7,mistralai/Mistral-7B-Instruct-v0.3,top_k,18.0,0.94,0.23,94,23,100,311,500,results/bobdylan_100x5_multi_t/t0p7/audit.mistral7b-v03-instruct.jsonl
0.7,mistralai/Mistral-7B-Instruct-v0.3,top_k,19.0,0.96,0.24,96,24,100,316,500,results/bobdylan_100x5_multi_t/t0p7/audit.mistral7b-v03-instruct.jsonl
0.7,mistralai/Mistral-7B-Instruct-v0.3,top_k,20.0,0.96,0.24,96,24,100,318,500,results/bobdylan_100x5_multi_t/t0p7/audit.mistral7b-v03-instruct.jsonl
0.7,mistralai/Mistral-7B-Instruct-v0.3,top_p,0.5,0.15,0.0,15,0,100,16,500,results/bobdylan_100x5_multi_t/t0p7/audit.mistral7b-v03-instruct.jsonl
0.7,mistralai/Mistral-7B-Instruct-v0.3,top_p,0.55,0.21,0.0,21,0,100,22,500,results/bobdylan_100x5_multi_t/t0p7/audit.mistral7b-v03-instruct.jsonl
0.7,mistralai/Mistral-7B-Instruct-v0.3,top_p,0.6,0.26,0.0,26,0,100,29,500,results/bobdylan_100x5_multi_t/t0p7/audit.mistral7b-v03-instruct.jsonl
0.7,mistralai/Mistral-7B-Instruct-v0.3,top_p,0.65,0.35,0.0,35,0,100,44,500,results/bobdylan_100x5_multi_t/t0p7/audit.mistral7b-v03-instruct.jsonl
0.7,mistralai/Mistral-7B-Instruct-v0.3,top_p,0.7,0.4,0.0,40,0,100,54,500,results/bobdylan_100x5_multi_t/t0p7/audit.mistral7b-v03-instruct.jsonl
0.7,mistralai/Mistral-7B-Instruct-v0.3,top_p,0.75,0.45,0.0,45,0,100,62,500,results/bobdylan_100x5_multi_t/t0p7/audit.mistral7b-v03-instruct.jsonl
0.7,mistralai/Mistral-7B-Instruct-v0.3,top_p,0.8,0.5,0.0,50,0,100,69,500,results/bobdylan_100x5_multi_t/t0p7/audit.mistral7b-v03-instruct.jsonl
0.7,mistralai/Mistral-7B-Instruct-v0.3,top_p,0.85,0.55,0.0,55,0,100,81,500,results/bobdylan_100x5_multi_t/t0p7/audit.mistral7b-v03-instruct.jsonl
0.7,mistralai/Mistral-7B-Instruct-v0.3,top_p,0.9,0.62,0.0,62,0,100,111,500,results/bobdylan_100x5_multi_t/t0p7/audit.mistral7b-v03-instruct.jsonl
0.7,mistralai/Mistral-7B-Instruct-v0.3,top_p,0.95,0.68,0.0,68,0,100,151,500,results/bobdylan_100x5_multi_t/t0p7/audit.mistral7b-v03-instruct.jsonl
0.7,mistralai/Mistral-7B-Instruct-v0.3,top_p,0.99,0.81,0.07,81,7,100,219,500,results/bobdylan_100x5_multi_t/t0p7/audit.mistral7b-v03-instruct.jsonl
0.7,mistralai/Mistral-7B-Instruct-v0.3,min_p,0.01,0.9,0.17,90,17,100,277,500,results/bobdylan_100x5_multi_t/t0p7/audit.mistral7b-v03-instruct.jsonl
0.7,mistralai/Mistral-7B-Instruct-v0.3,min_p,0.02,0.88,0.12,88,12,100,265,500,results/bobdylan_100x5_multi_t/t0p7/audit.mistral7b-v03-instruct.jsonl
0.7,mistralai/Mistral-7B-Instruct-v0.3,min_p,0.03,0.88,0.11,88,11,100,258,500,results/bobdylan_100x5_multi_t/t0p7/audit.mistral7b-v03-instruct.jsonl
0.7,mistralai/Mistral-7B-Instruct-v0.3,min_p,0.04,0.88,0.1,88,10,100,255,500,results/bobdylan_100x5_multi_t/t0p7/audit.mistral7b-v03-instruct.jsonl
0.7,mistralai/Mistral-7B-Instruct-v0.3,min_p,0.05,0.88,0.09,88,9,100,249,500,results/bobdylan_100x5_multi_t/t0p7/audit.mistral7b-v03-instruct.jsonl
0.7,mistralai/Mistral-7B-Instruct-v0.3,min_p,0.06,0.86,0.09,86,9,100,243,500,results/bobdylan_100x5_multi_t/t0p7/audit.mistral7b-v03-instruct.jsonl
0.7,mistralai/Mistral-7B-Instruct-v0.3,min_p,0.07,0.86,0.08,86,8,100,242,500,results/bobdylan_100x5_multi_t/t0p7/audit.mistral7b-v03-instruct.jsonl
0.7,mistralai/Mistral-7B-Instruct-v0.3,min_p,0.08,0.84,0.08,84,8,100,237,500,results/bobdylan_100x5_multi_t/t0p7/audit.mistral7b-v03-instruct.jsonl
0.7,mistralai/Mistral-7B-Instruct-v0.3,min_p,0.09,0.84,0.08,84,8,100,234,500,results/bobdylan_100x5_multi_t/t0p7/audit.mistral7b-v03-instruct.jsonl
0.7,mistralai/Mistral-7B-Instruct-v0.3,min_p,0.1,0.84,0.08,84,8,100,233,500,results/bobdylan_100x5_multi_t/t0p7/audit.mistral7b-v03-instruct.jsonl
1.0,mistralai/Mistral-7B-Instruct-v0.3,top_k,1.0,0.79,0.03,79,3,100,187,500,results/bobdylan_100x5_multi_t/t1/audit.mistral7b-v03-instruct.jsonl
1.0,mistralai/Mistral-7B-Instruct-v0.3,top_k,2.0,0.85,0.06,85,6,100,215,500,results/bobdylan_100x5_multi_t/t1/audit.mistral7b-v03-instruct.jsonl
1.0,mistralai/Mistral-7B-Instruct-v0.3,top_k,3.0,0.89,0.09,89,9,100,234,500,results/bobdylan_100x5_multi_t/t1/audit.mistral7b-v03-instruct.jsonl
1.0,mistralai/Mistral-7B-Instruct-v0.3,top_k,4.0,0.9,0.1,90,10,100,248,500,results/bobdylan_100x5_multi_t/t1/audit.mistral7b-v03-instruct.jsonl
1.0,mistralai/Mistral-7B-Instruct-v0.3,top_k,5.0,0.9,0.11,90,11,100,263,500,results/bobdylan_100x5_multi_t/t1/audit.mistral7b-v03-instruct.jsonl
1.0,mistralai/Mistral-7B-Instruct-v0.3,top_k,6.0,0.91,0.13,91,13,100,268,500,results/bobdylan_100x5_multi_t/t1/audit.mistral7b-v03-instruct.jsonl
1.0,mistralai/Mistral-7B-Instruct-v0.3,top_k,7.0,0.92,0.14,92,14,100,273,500,results/bobdylan_100x5_multi_t/t1/audit.mistral7b-v03-instruct.jsonl
1.0,mistralai/Mistral-7B-Instruct-v0.3,top_k,8.0,0.92,0.14,92,14,100,277,500,results/bobdylan_100x5_multi_t/t1/audit.mistral7b-v03-instruct.jsonl
1.0,mistralai/Mistral-7B-Instruct-v0.3,top_k,9.0,0.92,0.14,92,14,100,279,500,results/bobdylan_100x5_multi_t/t1/audit.mistral7b-v03-instruct.jsonl
1.0,mistralai/Mistral-7B-Instruct-v0.3,top_k,10.0,0.93,0.17,93,17,100,285,500,results/bobdylan_100x5_multi_t/t1/audit.mistral7b-v03-instruct.jsonl
1.0,mistralai/Mistral-7B-Instruct-v0.3,top_k,11.0,0.93,0.17,93,17,100,287,500,results/bobdylan_100x5_multi_t/t1/audit.mistral7b-v03-instruct.jsonl
1.0,mistralai/Mistral-7B-Instruct-v0.3,top_k,12.0,0.93,0.17,93,17,100,290,500,results/bobdylan_100x5_multi_t/t1/audit.mistral7b-v03-instruct.jsonl
1.0,mistralai/Mistral-7B-Instruct-v0.3,top_k,13.0,0.93,0.18,93,18,100,293,500,results/bobdylan_100x5_multi_t/t1/audit.mistral7b-v03-instruct.jsonl
1.0,mistralai/Mistral-7B-Instruct-v0.3,top_k,14.0,0.93,0.2,93,20,100,297,500,results/bobdylan_100x5_multi_t/t1/audit.mistral7b-v03-instruct.jsonl
1.0,mistralai/Mistral-7B-Instruct-v0.3,top_k,15.0,0.94,0.22,94,22,100,301,500,results/bobdylan_100x5_multi_t/t1/audit.mistral7b-v03-instruct.jsonl
1.0,mistralai/Mistral-7B-Instruct-v0.3,top_k,16.0,0.94,0.22,94,22,100,306,500,results/bobdylan_100x5_multi_t/t1/audit.mistral7b-v03-instruct.jsonl
1.0,mistralai/Mistral-7B-Instruct-v0.3,top_k,17.0,0.94,0.23,94,23,100,309,500,results/bobdylan_100x5_multi_t/t1/audit.mistral7b-v03-instruct.jsonl
1.0,mistralai/Mistral-7B-Instruct-v0.3,top_k,18.0,0.94,0.23,94,23,100,311,500,results/bobdylan_100x5_multi_t/t1/audit.mistral7b-v03-instruct.jsonl
1.0,mistralai/Mistral-7B-Instruct-v0.3,top_k,19.0,0.96,0.24,96,24,100,316,500,results/bobdylan_100x5_multi_t/t1/audit.mistral7b-v03-instruct.jsonl
1.0,mistralai/Mistral-7B-Instruct-v0.3,top_k,20.0,0.96,0.24,96,24,100,318,500,results/bobdylan_100x5_multi_t/t1/audit.mistral7b-v03-instruct.jsonl
1.0,mistralai/Mistral-7B-Instruct-v0.3,top_p,0.5,0.45,0.0,45,0,100,61,500,results/bobdylan_100x5_multi_t/t1/audit.mistral7b-v03-instruct.jsonl
1.0,mistralai/Mistral-7B-Instruct-v0.3,top_p,0.55,0.49,0.0,49,0,100,72,500,results/bobdylan_100x5_multi_t/t1/audit.mistral7b-v03-instruct.jsonl
1.0,mistralai/Mistral-7B-Instruct-v0.3,top_p,0.6,0.55,0.0,55,0,100,87,500,results/bobdylan_100x5_multi_t/t1/audit.mistral7b-v03-instruct.jsonl
1.0,mistralai/Mistral-7B-Instruct-v0.3,top_p,0.65,0.6,0.0,60,0,100,103,500,results/bobdylan_100x5_multi_t/t1/audit.mistral7b-v03-instruct.jsonl
1.0,mistralai/Mistral-7B-Instruct-v0.3,top_p,0.7,0.62,0.0,62,0,100,121,500,results/bobdylan_100x5_multi_t/t1/audit.mistral7b-v03-instruct.jsonl
1.0,mistralai/Mistral-7B-Instruct-v0.3,top_p,0.75,0.68,0.0,68,0,100,136,500,results/bobdylan_100x5_multi_t/t1/audit.mistral7b-v03-instruct.jsonl
1.0,mistralai/Mistral-7B-Instruct-v0.3,top_p,0.8,0.74,0.02,74,2,100,163,500,results/bobdylan_100x5_multi_t/t1/audit.mistral7b-v03-instruct.jsonl
1.0,mistralai/Mistral-7B-Instruct-v0.3,top_p,0.85,0.76,0.04,76,4,100,190,500,results/bobdylan_100x5_multi_t/t1/audit.mistral7b-v03-instruct.jsonl
1.0,mistralai/Mistral-7B-Instruct-v0.3,top_p,0.9,0.78,0.05,78,5,100,209,500,results/bobdylan_100x5_multi_t/t1/audit.mistral7b-v03-instruct.jsonl
1.0,mistralai/Mistral-7B-Instruct-v0.3,top_p,0.95,0.81,0.15,81,15,100,256,500,results/bobdylan_100x5_multi_t/t1/audit.mistral7b-v03-instruct.jsonl
1.0,mistralai/Mistral-7B-Instruct-v0.3,top_p,0.99,0.9,0.31,90,31,100,327,500,results/bobdylan_100x5_multi_t/t1/audit.mistral7b-v03-instruct.jsonl
1.0,mistralai/Mistral-7B-Instruct-v0.3,min_p,0.01,0.96,0.22,96,22,100,322,500,results/bobdylan_100x5_multi_t/t1/audit.mistral7b-v03-instruct.jsonl
1.0,mistralai/Mistral-7B-Instruct-v0.3,min_p,0.02,0.92,0.19,92,19,100,302,500,results/bobdylan_100x5_multi_t/t1/audit.mistral7b-v03-instruct.jsonl
1.0,mistralai/Mistral-7B-Instruct-v0.3,min_p,0.03,0.92,0.19,92,19,100,290,500,results/bobdylan_100x5_multi_t/t1/audit.mistral7b-v03-instruct.jsonl
1.0,mistralai/Mistral-7B-Instruct-v0.3,min_p,0.04,0.9,0.17,90,17,100,277,500,results/bobdylan_100x5_multi_t/t1/audit.mistral7b-v03-instruct.jsonl
1.0,mistralai/Mistral-7B-Instruct-v0.3,min_p,0.05,0.88,0.13,88,13,100,269,500,results/bobdylan_100x5_multi_t/t1/audit.mistral7b-v03-instruct.jsonl
1.0,mistralai/Mistral-7B-Instruct-v0.3,min_p,0.06,0.88,0.13,88,13,100,267,500,results/bobdylan_100x5_multi_t/t1/audit.mistral7b-v03-instruct.jsonl
1.0,mistralai/Mistral-7B-Instruct-v0.3,min_p,0.07,0.88,0.12,88,12,100,264,500,results/bobdylan_100x5_multi_t/t1/audit.mistral7b-v03-instruct.jsonl
1.0,mistralai/Mistral-7B-Instruct-v0.3,min_p,0.08,0.88,0.11,88,11,100,260,500,results/bobdylan_100x5_multi_t/t1/audit.mistral7b-v03-instruct.jsonl
1.0,mistralai/Mistral-7B-Instruct-v0.3,min_p,0.09,0.88,0.11,88,11,100,257,500,results/bobdylan_100x5_multi_t/t1/audit.mistral7b-v03-instruct.jsonl
1.0,mistralai/Mistral-7B-Instruct-v0.3,min_p,0.1,0.88,0.1,88,10,100,255,500,results/bobdylan_100x5_multi_t/t1/audit.mistral7b-v03-instruct.jsonl
1.5,mistralai/Mistral-7B-Instruct-v0.3,top_k,1.0,0.79,0.03,79,3,100,187,500,results/bobdylan_100x5_multi_t/t1p5/audit.mistral7b-v03-instruct.jsonl
1.5,mistralai/Mistral-7B-Instruct-v0.3,top_k,2.0,0.85,0.06,85,6,100,215,500,results/bobdylan_100x5_multi_t/t1p5/audit.mistral7b-v03-instruct.jsonl
1.5,mistralai/Mistral-7B-Instruct-v0.3,top_k,3.0,0.89,0.09,89,9,100,234,500,results/bobdylan_100x5_multi_t/t1p5/audit.mistral7b-v03-instruct.jsonl
1.5,mistralai/Mistral-7B-Instruct-v0.3,top_k,4.0,0.9,0.1,90,10,100,248,500,results/bobdylan_100x5_multi_t/t1p5/audit.mistral7b-v03-instruct.jsonl
1.5,mistralai/Mistral-7B-Instruct-v0.3,top_k,5.0,0.9,0.11,90,11,100,263,500,results/bobdylan_100x5_multi_t/t1p5/audit.mistral7b-v03-instruct.jsonl
1.5,mistralai/Mistral-7B-Instruct-v0.3,top_k,6.0,0.91,0.13,91,13,100,268,500,results/bobdylan_100x5_multi_t/t1p5/audit.mistral7b-v03-instruct.jsonl
1.5,mistralai/Mistral-7B-Instruct-v0.3,top_k,7.0,0.92,0.14,92,14,100,273,500,results/bobdylan_100x5_multi_t/t1p5/audit.mistral7b-v03-instruct.jsonl
1.5,mistralai/Mistral-7B-Instruct-v0.3,top_k,8.0,0.92,0.14,92,14,100,277,500,results/bobdylan_100x5_multi_t/t1p5/audit.mistral7b-v03-instruct.jsonl
1.5,mistralai/Mistral-7B-Instruct-v0.3,top_k,9.0,0.92,0.14,92,14,100,279,500,results/bobdylan_100x5_multi_t/t1p5/audit.mistral7b-v03-instruct.jsonl
1.5,mistralai/Mistral-7B-Instruct-v0.3,top_k,10.0,0.93,0.17,93,17,100,285,500,results/bobdylan_100x5_multi_t/t1p5/audit.mistral7b-v03-instruct.jsonl
1.5,mistralai/Mistral-7B-Instruct-v0.3,top_k,11.0,0.93,0.17,93,17,100,287,500,results/bobdylan_100x5_multi_t/t1p5/audit.mistral7b-v03-instruct.jsonl
1.5,mistralai/Mistral-7B-Instruct-v0.3,top_k,12.0,0.93,0.17,93,17,100,290,500,results/bobdylan_100x5_multi_t/t1p5/audit.mistral7b-v03-instruct.jsonl
1.5,mistralai/Mistral-7B-Instruct-v0.3,top_k,13.0,0.93,0.18,93,18,100,293,500,results/bobdylan_100x5_multi_t/t1p5/audit.mistral7b-v03-instruct.jsonl
1.5,mistralai/Mistral-7B-Instruct-v0.3,top_k,14.0,0.93,0.2,93,20,100,297,500,results/bobdylan_100x5_multi_t/t1p5/audit.mistral7b-v03-instruct.jsonl
1.5,mistralai/Mistral-7B-Instruct-v0.3,top_k,15.0,0.94,0.22,94,22,100,301,500,results/bobdylan_100x5_multi_t/t1p5/audit.mistral7b-v03-instruct.jsonl
1.5,mistralai/Mistral-7B-Instruct-v0.3,top_k,16.0,0.94,0.22,94,22,100,306,500,results/bobdylan_100x5_multi_t/t1p5/audit.mistral7b-v03-instruct.jsonl
1.5,mistralai/Mistral-7B-Instruct-v0.3,top_k,17.0,0.94,0.23,94,23,100,309,500,results/bobdylan_100x5_multi_t/t1p5/audit.mistral7b-v03-instruct.jsonl
1.5,mistralai/Mistral-7B-Instruct-v0.3,top_k,18.0,0.94,0.23,94,23,100,311,500,results/bobdylan_100x5_multi_t/t1p5/audit.mistral7b-v03-instruct.jsonl
1.5,mistralai/Mistral-7B-Instruct-v0.3,top_k,19.0,0.96,0.24,96,24,100,316,500,results/bobdylan_100x5_multi_t/t1p5/audit.mistral7b-v03-instruct.jsonl
1.5,mistralai/Mistral-7B-Instruct-v0.3,top_k,20.0,0.96,0.24,96,24,100,318,500,results/bobdylan_100x5_multi_t/t1p5/audit.mistral7b-v03-instruct.jsonl
1.5,mistralai/Mistral-7B-Instruct-v0.3,top_p,0.5,0.76,0.06,76,6,100,201,500,results/bobdylan_100x5_multi_t/t1p5/audit.mistral7b-v03-instruct.jsonl
1.5,mistralai/Mistral-7B-Instruct-v0.3,top_p,0.55,0.76,0.08,76,8,100,213,500,results/bobdylan_100x5_multi_t/t1p5/audit.mistral7b-v03-instruct.jsonl
1.5,mistralai/Mistral-7B-Instruct-v0.3,top_p,0.6,0.77,0.11,77,11,100,237,500,results/bobdylan_100x5_multi_t/t1p5/audit.mistral7b-v03-instruct.jsonl
1.5,mistralai/Mistral-7B-Instruct-v0.3,top_p,0.65,0.79,0.17,79,17,100,265,500,results/bobdylan_100x5_multi_t/t1p5/audit.mistral7b-v03-instruct.jsonl
1.5,mistralai/Mistral-7B-Instruct-v0.3,top_p,0.7,0.83,0.2,83,20,100,281,500,results/bobdylan_100x5_multi_t/t1p5/audit.mistral7b-v03-instruct.jsonl
1.5,mistralai/Mistral-7B-Instruct-v0.3,top_p,0.75,0.84,0.24,84,24,100,295,500,results/bobdylan_100x5_multi_t/t1p5/audit.mistral7b-v03-instruct.jsonl
1.5,mistralai/Mistral-7B-Instruct-v0.3,top_p,0.8,0.88,0.29,88,29,100,317,500,results/bobdylan_100x5_multi_t/t1p5/audit.mistral7b-v03-instruct.jsonl
1.5,mistralai/Mistral-7B-Instruct-v0.3,top_p,0.85,0.9,0.4,90,40,100,347,500,results/bobdylan_100x5_multi_t/t1p5/audit.mistral7b-v03-instruct.jsonl
1.5,mistralai/Mistral-7B-Instruct-v0.3,top_p,0.9,0.94,0.45,94,45,100,372,500,results/bobdylan_100x5_multi_t/t1p5/audit.mistral7b-v03-instruct.jsonl
1.5,mistralai/Mistral-7B-Instruct-v0.3,top_p,0.95,0.99,0.65,99,65,100,435,500,results/bobdylan_100x5_multi_t/t1p5/audit.mistral7b-v03-instruct.jsonl
1.5,mistralai/Mistral-7B-Instruct-v0.3,top_p,0.99,1.0,0.91,100,91,100,486,500,results/bobdylan_100x5_multi_t/t1p5/audit.mistral7b-v03-instruct.jsonl
1.5,mistralai/Mistral-7B-Instruct-v0.3,min_p,0.01,0.97,0.44,97,44,100,393,500,results/bobdylan_100x5_multi_t/t1p5/audit.mistral7b-v03-instruct.jsonl
1.5,mistralai/Mistral-7B-Instruct-v0.3,min_p,0.02,0.96,0.32,96,32,100,361,500,results/bobdylan_100x5_multi_t/t1p5/audit.mistral7b-v03-instruct.jsonl
1.5,mistralai/Mistral-7B-Instruct-v0.3,min_p,0.03,0.96,0.27,96,27,100,342,500,results/bobdylan_100x5_multi_t/t1p5/audit.mistral7b-v03-instruct.jsonl
1.5,mistralai/Mistral-7B-Instruct-v0.3,min_p,0.04,0.96,0.23,96,23,100,330,500,results/bobdylan_100x5_multi_t/t1p5/audit.mistral7b-v03-instruct.jsonl
1.5,mistralai/Mistral-7B-Instruct-v0.3,min_p,0.05,0.94,0.22,94,22,100,318,500,results/bobdylan_100x5_multi_t/t1p5/audit.mistral7b-v03-instruct.jsonl
1.5,mistralai/Mistral-7B-Instruct-v0.3,min_p,0.06,0.94,0.22,94,22,100,311,500,results/bobdylan_100x5_multi_t/t1p5/audit.mistral7b-v03-instruct.jsonl
1.5,mistralai/Mistral-7B-Instruct-v0.3,min_p,0.07,0.93,0.19,93,19,100,303,500,results/bobdylan_100x5_multi_t/t1p5/audit.mistral7b-v03-instruct.jsonl
1.5,mistralai/Mistral-7B-Instruct-v0.3,min_p,0.08,0.92,0.19,92,19,100,297,500,results/bobdylan_100x5_multi_t/t1p5/audit.mistral7b-v03-instruct.jsonl
1.5,mistralai/Mistral-7B-Instruct-v0.3,min_p,0.09,0.92,0.19,92,19,100,292,500,results/bobdylan_100x5_multi_t/t1p5/audit.mistral7b-v03-instruct.jsonl
1.5,mistralai/Mistral-7B-Instruct-v0.3,min_p,0.1,0.92,0.19,92,19,100,288,500,results/bobdylan_100x5_multi_t/t1p5/audit.mistral7b-v03-instruct.jsonl
0.7,mistralai/Mistral-7B-v0.3,top_k,1.0,0.79,0.04,79,4,100,186,500,results/bobdylan_100x5_multi_t/t0p7/audit.mistral7b-v03-base.jsonl
0.7,mistralai/Mistral-7B-v0.3,top_k,2.0,0.87,0.07,87,7,100,223,500,results/bobdylan_100x5_multi_t/t0p7/audit.mistral7b-v03-base.jsonl
0.7,mistralai/Mistral-7B-v0.3,top_k,3.0,0.89,0.1,89,10,100,243,500,results/bobdylan_100x5_multi_t/t0p7/audit.mistral7b-v03-base.jsonl
0.7,mistralai/Mistral-7B-v0.3,top_k,4.0,0.89,0.12,89,12,100,257,500,results/bobdylan_100x5_multi_t/t0p7/audit.mistral7b-v03-base.jsonl
0.7,mistralai/Mistral-7B-v0.3,top_k,5.0,0.91,0.15,91,15,100,268,500,results/bobdylan_100x5_multi_t/t0p7/audit.mistral7b-v03-base.jsonl
0.7,mistralai/Mistral-7B-v0.3,top_k,6.0,0.92,0.16,92,16,100,278,500,results/bobdylan_100x5_multi_t/t0p7/audit.mistral7b-v03-base.jsonl
0.7,mistralai/Mistral-7B-v0.3,top_k,7.0,0.92,0.16,92,16,100,280,500,results/bobdylan_100x5_multi_t/t0p7/audit.mistral7b-v03-base.jsonl
0.7,mistralai/Mistral-7B-v0.3,top_k,8.0,0.92,0.16,92,16,100,287,500,results/bobdylan_100x5_multi_t/t0p7/audit.mistral7b-v03-base.jsonl
0.7,mistralai/Mistral-7B-v0.3,top_k,9.0,0.93,0.17,93,17,100,293,500,results/bobdylan_100x5_multi_t/t0p7/audit.mistral7b-v03-base.jsonl
0.7,mistralai/Mistral-7B-v0.3,top_k,10.0,0.93,0.18,93,18,100,296,500,results/bobdylan_100x5_multi_t/t0p7/audit.mistral7b-v03-base.jsonl
0.7,mistralai/Mistral-7B-v0.3,top_k,11.0,0.94,0.19,94,19,100,300,500,results/bobdylan_100x5_multi_t/t0p7/audit.mistral7b-v03-base.jsonl
0.7,mistralai/Mistral-7B-v0.3,top_k,12.0,0.94,0.19,94,19,100,301,500,results/bobdylan_100x5_multi_t/t0p7/audit.mistral7b-v03-base.jsonl
0.7,mistralai/Mistral-7B-v0.3,top_k,13.0,0.94,0.2,94,20,100,306,500,results/bobdylan_100x5_multi_t/t0p7/audit.mistral7b-v03-base.jsonl
0.7,mistralai/Mistral-7B-v0.3,top_k,14.0,0.94,0.21,94,21,100,310,500,results/bobdylan_100x5_multi_t/t0p7/audit.mistral7b-v03-base.jsonl
0.7,mistralai/Mistral-7B-v0.3,top_k,15.0,0.94,0.21,94,21,100,311,500,results/bobdylan_100x5_multi_t/t0p7/audit.mistral7b-v03-base.jsonl
0.7,mistralai/Mistral-7B-v0.3,top_k,16.0,0.95,0.23,95,23,100,318,500,results/bobdylan_100x5_multi_t/t0p7/audit.mistral7b-v03-base.jsonl
0.7,mistralai/Mistral-7B-v0.3,top_k,17.0,0.95,0.24,95,24,100,319,500,results/bobdylan_100x5_multi_t/t0p7/audit.mistral7b-v03-base.jsonl
0.7,mistralai/Mistral-7B-v0.3,top_k,18.0,0.96,0.24,96,24,100,321,500,results/bobdylan_100x5_multi_t/t0p7/audit.mistral7b-v03-base.jsonl
0.7,mistralai/Mistral-7B-v0.3,top_k,19.0,0.96,0.25,96,25,100,326,500,results/bobdylan_100x5_multi_t/t0p7/audit.mistral7b-v03-base.jsonl
0.7,mistralai/Mistral-7B-v0.3,top_k,20.0,0.96,0.25,96,25,100,327,500,results/bobdylan_100x5_multi_t/t0p7/audit.mistral7b-v03-base.jsonl
0.7,mistralai/Mistral-7B-v0.3,top_p,0.5,0.15,0.0,15,0,100,20,500,results/bobdylan_100x5_multi_t/t0p7/audit.mistral7b-v03-base.jsonl
0.7,mistralai/Mistral-7B-v0.3,top_p,0.55,0.22,0.0,22,0,100,29,500,results/bobdylan_100x5_multi_t/t0p7/audit.mistral7b-v03-base.jsonl
0.7,mistralai/Mistral-7B-v0.3,top_p,0.6,0.26,0.0,26,0,100,33,500,results/bobdylan_100x5_multi_t/t0p7/audit.mistral7b-v03-base.jsonl
0.7,mistralai/Mistral-7B-v0.3,top_p,0.65,0.31,0.0,31,0,100,43,500,results/bobdylan_100x5_multi_t/t0p7/audit.mistral7b-v03-base.jsonl
0.7,mistralai/Mistral-7B-v0.3,top_p,0.7,0.34,0.0,34,0,100,49,500,results/bobdylan_100x5_multi_t/t0p7/audit.mistral7b-v03-base.jsonl
0.7,mistralai/Mistral-7B-v0.3,top_p,0.75,0.42,0.0,42,0,100,62,500,results/bobdylan_100x5_multi_t/t0p7/audit.mistral7b-v03-base.jsonl
0.7,mistralai/Mistral-7B-v0.3,top_p,0.8,0.45,0.0,45,0,100,71,500,results/bobdylan_100x5_multi_t/t0p7/audit.mistral7b-v03-base.jsonl
0.7,mistralai/Mistral-7B-v0.3,top_p,0.85,0.56,0.0,56,0,100,91,500,results/bobdylan_100x5_multi_t/t0p7/audit.mistral7b-v03-base.jsonl
0.7,mistralai/Mistral-7B-v0.3,top_p,0.9,0.64,0.01,64,1,100,112,500,results/bobdylan_100x5_multi_t/t0p7/audit.mistral7b-v03-base.jsonl
0.7,mistralai/Mistral-7B-v0.3,top_p,0.95,0.7,0.01,70,1,100,149,500,results/bobdylan_100x5_multi_t/t0p7/audit.mistral7b-v03-base.jsonl
0.7,mistralai/Mistral-7B-v0.3,top_p,0.99,0.81,0.08,81,8,100,225,500,results/bobdylan_100x5_multi_t/t0p7/audit.mistral7b-v03-base.jsonl
0.7,mistralai/Mistral-7B-v0.3,min_p,0.01,0.92,0.13,92,13,100,290,500,results/bobdylan_100x5_multi_t/t0p7/audit.mistral7b-v03-base.jsonl
0.7,mistralai/Mistral-7B-v0.3,min_p,0.02,0.9,0.13,90,13,100,268,500,results/bobdylan_100x5_multi_t/t0p7/audit.mistral7b-v03-base.jsonl
0.7,mistralai/Mistral-7B-v0.3,min_p,0.03,0.88,0.11,88,11,100,259,500,results/bobdylan_100x5_multi_t/t0p7/audit.mistral7b-v03-base.jsonl
0.7,mistralai/Mistral-7B-v0.3,min_p,0.04,0.87,0.1,87,10,100,256,500,results/bobdylan_100x5_multi_t/t0p7/audit.mistral7b-v03-base.jsonl
0.7,mistralai/Mistral-7B-v0.3,min_p,0.05,0.85,0.1,85,10,100,250,500,results/bobdylan_100x5_multi_t/t0p7/audit.mistral7b-v03-base.jsonl
0.7,mistralai/Mistral-7B-v0.3,min_p,0.06,0.85,0.08,85,8,100,246,500,results/bobdylan_100x5_multi_t/t0p7/audit.mistral7b-v03-base.jsonl
0.7,mistralai/Mistral-7B-v0.3,min_p,0.07,0.83,0.08,83,8,100,241,500,results/bobdylan_100x5_multi_t/t0p7/audit.mistral7b-v03-base.jsonl
0.7,mistralai/Mistral-7B-v0.3,min_p,0.08,0.83,0.08,83,8,100,240,500,results/bobdylan_100x5_multi_t/t0p7/audit.mistral7b-v03-base.jsonl
0.7,mistralai/Mistral-7B-v0.3,min_p,0.09,0.83,0.08,83,8,100,237,500,results/bobdylan_100x5_multi_t/t0p7/audit.mistral7b-v03-base.jsonl
0.7,mistralai/Mistral-7B-v0.3,min_p,0.1,0.83,0.08,83,8,100,237,500,results/bobdylan_100x5_multi_t/t0p7/audit.mistral7b-v03-base.jsonl
1.0,mistralai/Mistral-7B-v0.3,top_k,1.0,0.79,0.04,79,4,100,186,500,results/bobdylan_100x5_multi_t/t1/audit.mistral7b-v03-base.jsonl
1.0,mistralai/Mistral-7B-v0.3,top_k,2.0,0.87,0.07,87,7,100,223,500,results/bobdylan_100x5_multi_t/t1/audit.mistral7b-v03-base.jsonl
1.0,mistralai/Mistral-7B-v0.3,top_k,3.0,0.89,0.1,89,10,100,243,500,results/bobdylan_100x5_multi_t/t1/audit.mistral7b-v03-base.jsonl
1.0,mistralai/Mistral-7B-v0.3,top_k,4.0,0.89,0.12,89,12,100,257,500,results/bobdylan_100x5_multi_t/t1/audit.mistral7b-v03-base.jsonl
1.0,mistralai/Mistral-7B-v0.3,top_k,5.0,0.91,0.15,91,15,100,268,500,results/bobdylan_100x5_multi_t/t1/audit.mistral7b-v03-base.jsonl
1.0,mistralai/Mistral-7B-v0.3,top_k,6.0,0.92,0.16,92,16,100,278,500,results/bobdylan_100x5_multi_t/t1/audit.mistral7b-v03-base.jsonl
1.0,mistralai/Mistral-7B-v0.3,top_k,7.0,0.92,0.16,92,16,100,280,500,results/bobdylan_100x5_multi_t/t1/audit.mistral7b-v03-base.jsonl
1.0,mistralai/Mistral-7B-v0.3,top_k,8.0,0.92,0.16,92,16,100,287,500,results/bobdylan_100x5_multi_t/t1/audit.mistral7b-v03-base.jsonl
1.0,mistralai/Mistral-7B-v0.3,top_k,9.0,0.93,0.17,93,17,100,293,500,results/bobdylan_100x5_multi_t/t1/audit.mistral7b-v03-base.jsonl
1.0,mistralai/Mistral-7B-v0.3,top_k,10.0,0.93,0.18,93,18,100,296,500,results/bobdylan_100x5_multi_t/t1/audit.mistral7b-v03-base.jsonl
1.0,mistralai/Mistral-7B-v0.3,top_k,11.0,0.94,0.19,94,19,100,300,500,results/bobdylan_100x5_multi_t/t1/audit.mistral7b-v03-base.jsonl
1.0,mistralai/Mistral-7B-v0.3,top_k,12.0,0.94,0.19,94,19,100,301,500,results/bobdylan_100x5_multi_t/t1/audit.mistral7b-v03-base.jsonl
1.0,mistralai/Mistral-7B-v0.3,top_k,13.0,0.94,0.2,94,20,100,306,500,results/bobdylan_100x5_multi_t/t1/audit.mistral7b-v03-base.jsonl
1.0,mistralai/Mistral-7B-v0.3,top_k,14.0,0.94,0.21,94,21,100,310,500,results/bobdylan_100x5_multi_t/t1/audit.mistral7b-v03-base.jsonl
1.0,mistralai/Mistral-7B-v0.3,top_k,15.0,0.94,0.21,94,21,100,311,500,results/bobdylan_100x5_multi_t/t1/audit.mistral7b-v03-base.jsonl
1.0,mistralai/Mistral-7B-v0.3,top_k,16.0,0.95,0.23,95,23,100,318,500,results/bobdylan_100x5_multi_t/t1/audit.mistral7b-v03-base.jsonl
1.0,mistralai/Mistral-7B-v0.3,top_k,17.0,0.95,0.24,95,24,100,319,500,results/bobdylan_100x5_multi_t/t1/audit.mistral7b-v03-base.jsonl
1.0,mistralai/Mistral-7B-v0.3,top_k,18.0,0.96,0.24,96,24,100,321,500,results/bobdylan_100x5_multi_t/t1/audit.mistral7b-v03-base.jsonl
1.0,mistralai/Mistral-7B-v0.3,top_k,19.0,0.96,0.25,96,25,100,326,500,results/bobdylan_100x5_multi_t/t1/audit.mistral7b-v03-base.jsonl
1.0,mistralai/Mistral-7B-v0.3,top_k,20.0,0.96,0.25,96,25,100,327,500,results/bobdylan_100x5_multi_t/t1/audit.mistral7b-v03-base.jsonl
1.0,mistralai/Mistral-7B-v0.3,top_p,0.5,0.42,0.0,42,0,100,63,500,results/bobdylan_100x5_multi_t/t1/audit.mistral7b-v03-base.jsonl
1.0,mistralai/Mistral-7B-v0.3,top_p,0.55,0.47,0.0,47,0,100,74,500,results/bobdylan_100x5_multi_t/t1/audit.mistral7b-v03-base.jsonl
1.0,mistralai/Mistral-7B-v0.3,top_p,0.6,0.53,0.0,53,0,100,89,500,results/bobdylan_100x5_multi_t/t1/audit.mistral7b-v03-base.jsonl
1.0,mistralai/Mistral-7B-v0.3,top_p,0.65,0.59,0.01,59,1,100,103,500,results/bobdylan_100x5_multi_t/t1/audit.mistral7b-v03-base.jsonl
1.0,mistralai/Mistral-7B-v0.3,top_p,0.7,0.64,0.01,64,1,100,116,500,results/bobdylan_100x5_multi_t/t1/audit.mistral7b-v03-base.jsonl
1.0,mistralai/Mistral-7B-v0.3,top_p,0.75,0.7,0.01,70,1,100,144,500,results/bobdylan_100x5_multi_t/t1/audit.mistral7b-v03-base.jsonl
1.0,mistralai/Mistral-7B-v0.3,top_p,0.8,0.74,0.02,74,2,100,166,500,results/bobdylan_100x5_multi_t/t1/audit.mistral7b-v03-base.jsonl
1.0,mistralai/Mistral-7B-v0.3,top_p,0.85,0.76,0.05,76,5,100,191,500,results/bobdylan_100x5_multi_t/t1/audit.mistral7b-v03-base.jsonl
1.0,mistralai/Mistral-7B-v0.3,top_p,0.9,0.8,0.07,80,7,100,218,500,results/bobdylan_100x5_multi_t/t1/audit.mistral7b-v03-base.jsonl
1.0,mistralai/Mistral-7B-v0.3,top_p,0.95,0.84,0.16,84,16,100,259,500,results/bobdylan_100x5_multi_t/t1/audit.mistral7b-v03-base.jsonl
1.0,mistralai/Mistral-7B-v0.3,top_p,0.99,0.94,0.33,94,33,100,345,500,results/bobdylan_100x5_multi_t/t1/audit.mistral7b-v03-base.jsonl
1.0,mistralai/Mistral-7B-v0.3,min_p,0.01,0.95,0.24,95,24,100,330,500,results/bobdylan_100x5_multi_t/t1/audit.mistral7b-v03-base.jsonl
1.0,mistralai/Mistral-7B-v0.3,min_p,0.02,0.95,0.21,95,21,100,314,500,results/bobdylan_100x5_multi_t/t1/audit.mistral7b-v03-base.jsonl
1.0,mistralai/Mistral-7B-v0.3,min_p,0.03,0.93,0.14,93,14,100,297,500,results/bobdylan_100x5_multi_t/t1/audit.mistral7b-v03-base.jsonl
1.0,mistralai/Mistral-7B-v0.3,min_p,0.04,0.92,0.13,92,13,100,290,500,results/bobdylan_100x5_multi_t/t1/audit.mistral7b-v03-base.jsonl
1.0,mistralai/Mistral-7B-v0.3,min_p,0.05,0.91,0.13,91,13,100,279,500,results/bobdylan_100x5_multi_t/t1/audit.mistral7b-v03-base.jsonl
1.0,mistralai/Mistral-7B-v0.3,min_p,0.06,0.9,0.13,90,13,100,276,500,results/bobdylan_100x5_multi_t/t1/audit.mistral7b-v03-base.jsonl
1.0,mistralai/Mistral-7B-v0.3,min_p,0.07,0.9,0.13,90,13,100,267,500,results/bobdylan_100x5_multi_t/t1/audit.mistral7b-v03-base.jsonl
1.0,mistralai/Mistral-7B-v0.3,min_p,0.08,0.89,0.12,89,12,100,262,500,results/bobdylan_100x5_multi_t/t1/audit.mistral7b-v03-base.jsonl
1.0,mistralai/Mistral-7B-v0.3,min_p,0.09,0.87,0.11,87,11,100,257,500,results/bobdylan_100x5_multi_t/t1/audit.mistral7b-v03-base.jsonl
1.0,mistralai/Mistral-7B-v0.3,min_p,0.1,0.87,0.1,87,10,100,256,500,results/bobdylan_100x5_multi_t/t1/audit.mistral7b-v03-base.jsonl
1.5,mistralai/Mistral-7B-v0.3,top_k,1.0,0.79,0.04,79,4,100,186,500,results/bobdylan_100x5_multi_t/t1p5/audit.mistral7b-v03-base.jsonl
1.5,mistralai/Mistral-7B-v0.3,top_k,2.0,0.87,0.07,87,7,100,223,500,results/bobdylan_100x5_multi_t/t1p5/audit.mistral7b-v03-base.jsonl
1.5,mistralai/Mistral-7B-v0.3,top_k,3.0,0.89,0.1,89,10,100,243,500,results/bobdylan_100x5_multi_t/t1p5/audit.mistral7b-v03-base.jsonl
1.5,mistralai/Mistral-7B-v0.3,top_k,4.0,0.89,0.12,89,12,100,257,500,results/bobdylan_100x5_multi_t/t1p5/audit.mistral7b-v03-base.jsonl
1.5,mistralai/Mistral-7B-v0.3,top_k,5.0,0.91,0.15,91,15,100,268,500,results/bobdylan_100x5_multi_t/t1p5/audit.mistral7b-v03-base.jsonl
1.5,mistralai/Mistral-7B-v0.3,top_k,6.0,0.92,0.16,92,16,100,278,500,results/bobdylan_100x5_multi_t/t1p5/audit.mistral7b-v03-base.jsonl
1.5,mistralai/Mistral-7B-v0.3,top_k,7.0,0.92,0.16,92,16,100,280,500,results/bobdylan_100x5_multi_t/t1p5/audit.mistral7b-v03-base.jsonl
1.5,mistralai/Mistral-7B-v0.3,top_k,8.0,0.92,0.16,92,16,100,287,500,results/bobdylan_100x5_multi_t/t1p5/audit.mistral7b-v03-base.jsonl
1.5,mistralai/Mistral-7B-v0.3,top_k,9.0,0.93,0.17,93,17,100,293,500,results/bobdylan_100x5_multi_t/t1p5/audit.mistral7b-v03-base.jsonl
1.5,mistralai/Mistral-7B-v0.3,top_k,10.0,0.93,0.18,93,18,100,296,500,results/bobdylan_100x5_multi_t/t1p5/audit.mistral7b-v03-base.jsonl
1.5,mistralai/Mistral-7B-v0.3,top_k,11.0,0.94,0.19,94,19,100,300,500,results/bobdylan_100x5_multi_t/t1p5/audit.mistral7b-v03-base.jsonl
1.5,mistralai/Mistral-7B-v0.3,top_k,12.0,0.94,0.19,94,19,100,301,500,results/bobdylan_100x5_multi_t/t1p5/audit.mistral7b-v03-base.jsonl
1.5,mistralai/Mistral-7B-v0.3,top_k,13.0,0.94,0.2,94,20,100,306,500,results/bobdylan_100x5_multi_t/t1p5/audit.mistral7b-v03-base.jsonl
1.5,mistralai/Mistral-7B-v0.3,top_k,14.0,0.94,0.21,94,21,100,310,500,results/bobdylan_100x5_multi_t/t1p5/audit.mistral7b-v03-base.jsonl
1.5,mistralai/Mistral-7B-v0.3,top_k,15.0,0.94,0.21,94,21,100,311,500,results/bobdylan_100x5_multi_t/t1p5/audit.mistral7b-v03-base.jsonl
1.5,mistralai/Mistral-7B-v0.3,top_k,16.0,0.95,0.23,95,23,100,318,500,results/bobdylan_100x5_multi_t/t1p5/audit.mistral7b-v03-base.jsonl
1.5,mistralai/Mistral-7B-v0.3,top_k,17.0,0.95,0.24,95,24,100,319,500,results/bobdylan_100x5_multi_t/t1p5/audit.mistral7b-v03-base.jsonl
1.5,mistralai/Mistral-7B-v0.3,top_k,18.0,0.96,0.24,96,24,100,321,500,results/bobdylan_100x5_multi_t/t1p5/audit.mistral7b-v03-base.jsonl
1.5,mistralai/Mistral-7B-v0.3,top_k,19.0,0.96,0.25,96,25,100,326,500,results/bobdylan_100x5_multi_t/t1p5/audit.mistral7b-v03-base.jsonl
1.5,mistralai/Mistral-7B-v0.3,top_k,20.0,0.96,0.25,96,25,100,327,500,results/bobdylan_100x5_multi_t/t1p5/audit.mistral7b-v03-base.jsonl
1.5,mistralai/Mistral-7B-v0.3,top_p,0.5,0.76,0.08,76,8,100,200,500,results/bobdylan_100x5_multi_t/t1p5/audit.mistral7b-v03-base.jsonl
1.5,mistralai/Mistral-7B-v0.3,top_p,0.55,0.78,0.08,78,8,100,223,500,results/bobdylan_100x5_multi_t/t1p5/audit.mistral7b-v03-base.jsonl
1.5,mistralai/Mistral-7B-v0.3,top_p,0.6,0.8,0.14,80,14,100,244,500,results/bobdylan_100x5_multi_t/t1p5/audit.mistral7b-v03-base.jsonl
1.5,mistralai/Mistral-7B-v0.3,top_p,0.65,0.82,0.19,82,19,100,266,500,results/bobdylan_100x5_multi_t/t1p5/audit.mistral7b-v03-base.jsonl
1.5,mistralai/Mistral-7B-v0.3,top_p,0.7,0.83,0.22,83,22,100,282,500,results/bobdylan_100x5_multi_t/t1p5/audit.mistral7b-v03-base.jsonl
1.5,mistralai/Mistral-7B-v0.3,top_p,0.75,0.87,0.24,87,24,100,297,500,results/bobdylan_100x5_multi_t/t1p5/audit.mistral7b-v03-base.jsonl
1.5,mistralai/Mistral-7B-v0.3,top_p,0.8,0.91,0.29,91,29,100,323,500,results/bobdylan_100x5_multi_t/t1p5/audit.mistral7b-v03-base.jsonl
1.5,mistralai/Mistral-7B-v0.3,top_p,0.85,0.94,0.38,94,38,100,357,500,results/bobdylan_100x5_multi_t/t1p5/audit.mistral7b-v03-base.jsonl
1.5,mistralai/Mistral-7B-v0.3,top_p,0.9,0.95,0.45,95,45,100,390,500,results/bobdylan_100x5_multi_t/t1p5/audit.mistral7b-v03-base.jsonl
1.5,mistralai/Mistral-7B-v0.3,top_p,0.95,0.99,0.71,99,71,100,450,500,results/bobdylan_100x5_multi_t/t1p5/audit.mistral7b-v03-base.jsonl
1.5,mistralai/Mistral-7B-v0.3,top_p,0.99,1.0,0.95,100,95,100,493,500,results/bobdylan_100x5_multi_t/t1p5/audit.mistral7b-v03-base.jsonl
1.5,mistralai/Mistral-7B-v0.3,min_p,0.01,0.97,0.47,97,47,100,404,500,results/bobdylan_100x5_multi_t/t1p5/audit.mistral7b-v03-base.jsonl
1.5,mistralai/Mistral-7B-v0.3,min_p,0.02,0.97,0.34,97,34,100,375,500,results/bobdylan_100x5_multi_t/t1p5/audit.mistral7b-v03-base.jsonl
1.5,mistralai/Mistral-7B-v0.3,min_p,0.03,0.96,0.27,96,27,100,352,500,results/bobdylan_100x5_multi_t/t1p5/audit.mistral7b-v03-base.jsonl
1.5,mistralai/Mistral-7B-v0.3,min_p,0.04,0.96,0.24,96,24,100,334,500,results/bobdylan_100x5_multi_t/t1p5/audit.mistral7b-v03-base.jsonl
1.5,mistralai/Mistral-7B-v0.3,min_p,0.05,0.95,0.24,95,24,100,327,500,results/bobdylan_100x5_multi_t/t1p5/audit.mistral7b-v03-base.jsonl
1.5,mistralai/Mistral-7B-v0.3,min_p,0.06,0.95,0.22,95,22,100,321,500,results/bobdylan_100x5_multi_t/t1p5/audit.mistral7b-v03-base.jsonl
1.5,mistralai/Mistral-7B-v0.3,min_p,0.07,0.95,0.22,95,22,100,317,500,results/bobdylan_100x5_multi_t/t1p5/audit.mistral7b-v03-base.jsonl
1.5,mistralai/Mistral-7B-v0.3,min_p,0.08,0.95,0.21,95,21,100,311,500,results/bobdylan_100x5_multi_t/t1p5/audit.mistral7b-v03-base.jsonl
1.5,mistralai/Mistral-7B-v0.3,min_p,0.09,0.93,0.17,93,17,100,301,500,results/bobdylan_100x5_multi_t/t1p5/audit.mistral7b-v03-base.jsonl
1.5,mistralai/Mistral-7B-v0.3,min_p,0.1,0.93,0.14,93,14,100,296,500,results/bobdylan_100x5_multi_t/t1p5/audit.mistral7b-v03-base.jsonl
