model,decoder,parameter,word_any_wcs,word_all_wcs,covered_words_any,covered_words_all,total_words,covered_contexts,total_contexts,audit_path
Qwen/Qwen2.5-14B,top_k,1.0,0.65,0.0,65,0,100,137,1000,results/audit.qwen25-14b-base.jsonl
Qwen/Qwen2.5-14B,top_k,2.0,0.75,0.0,75,0,100,201,1000,results/audit.qwen25-14b-base.jsonl
Qwen/Qwen2.5-14B,top_k,3.0,0.8,0.0,80,0,100,249,1000,results/audit.qwen25-14b-base.jsonl
Qwen/Qwen2.5-14B,top_k,4.0,0.81,0.0,81,0,100,277,1000,results/audit.qwen25-14b-base.jsonl
Qwen/Qwen2.5-14B,top_k,5.0,0.85,0.0,85,0,100,308,1000,results/audit.qwen25-14b-base.jsonl
Qwen/Qwen2.5-14B,top_k,6.0,0.89,0.0,89,0,100,326,1000,results/audit.qwen25-14b-base.jsonl
Qwen/Qwen2.5-14B,top_k,7.0,0.93,0.0,93,0,100,344,1000,results/audit.qwen25-14b-base.jsonl
Qwen/Qwen2.5-14B,top_k,8.0,0.94,0.0,94,0,100,361,1000,results/audit.qwen25-14b-base.jsonl
Qwen/Qwen2.5-14B,top_k,9.0,0.96,0.0,96,0,100,378,1000,results/audit.qwen25-14b-base.jsonl
Qwen/Qwen2.5-14B,top_k,10.0,0.97,0.0,97,0,100,394,1000,results/audit.qwen25-14b-base.jsonl
Qwen/Qwen2.5-14B,top_k,11.0,0.97,0.0,97,0,100,405,1000,results/audit.qwen25-14b-base.jsonl
Qwen/Qwen2.5-14B,top_k,12.0,0.97,0.0,97,0,100,423,1000,results/audit.qwen25-14b-base.jsonl
Qwen/Qwen2.5-14B,top_k,13.0,0.97,0.0,97,0,100,434,1000,results/audit.qwen25-14b-base.jsonl
Qwen/Qwen2.5-14B,top_k,14.0,0.97,0.0,97,0,100,442,1000,results/audit.qwen25-14b-base.jsonl
Qwen/Qwen2.5-14B,top_k,15.0,0.97,0.0,97,0,100,453,1000,results/audit.qwen25-14b-base.jsonl
Qwen/Qwen2.5-14B,top_k,16.0,0.97,0.0,97,0,100,460,1000,results/audit.qwen25-14b-base.jsonl
Qwen/Qwen2.5-14B,top_k,17.0,0.97,0.0,97,0,100,469,1000,results/audit.qwen25-14b-base.jsonl
Qwen/Qwen2.5-14B,top_k,18.0,0.97,0.0,97,0,100,474,1000,results/audit.qwen25-14b-base.jsonl
Qwen/Qwen2.5-14B,top_k,19.0,0.97,0.0,97,0,100,480,1000,results/audit.qwen25-14b-base.jsonl
Qwen/Qwen2.5-14B,top_k,20.0,0.97,0.0,97,0,100,490,1000,results/audit.qwen25-14b-base.jsonl
Qwen/Qwen2.5-14B,top_p,0.5,0.57,0.0,57,0,100,143,1000,results/audit.qwen25-14b-base.jsonl
Qwen/Qwen2.5-14B,top_p,0.55,0.63,0.0,63,0,100,189,1000,results/audit.qwen25-14b-base.jsonl
Qwen/Qwen2.5-14B,top_p,0.6,0.71,0.0,71,0,100,221,1000,results/audit.qwen25-14b-base.jsonl
Qwen/Qwen2.5-14B,top_p,0.65,0.76,0.0,76,0,100,257,1000,results/audit.qwen25-14b-base.jsonl
Qwen/Qwen2.5-14B,top_p,0.7,0.78,0.0,78,0,100,295,1000,results/audit.qwen25-14b-base.jsonl
Qwen/Qwen2.5-14B,top_p,0.75,0.79,0.0,79,0,100,331,1000,results/audit.qwen25-14b-base.jsonl
Qwen/Qwen2.5-14B,top_p,0.8,0.81,0.0,81,0,100,390,1000,results/audit.qwen25-14b-base.jsonl
Qwen/Qwen2.5-14B,top_p,0.85,0.87,0.03,87,3,100,451,1000,results/audit.qwen25-14b-base.jsonl
Qwen/Qwen2.5-14B,top_p,0.9,0.89,0.07,89,7,100,539,1000,results/audit.qwen25-14b-base.jsonl
Qwen/Qwen2.5-14B,top_p,0.95,0.92,0.16,92,16,100,643,1000,results/audit.qwen25-14b-base.jsonl
Qwen/Qwen2.5-14B,top_p,0.99,0.99,0.45,99,45,100,803,1000,results/audit.qwen25-14b-base.jsonl
Qwen/Qwen2.5-14B,min_p,0.01,1.0,0.02,100,2,100,604,1000,results/audit.qwen25-14b-base.jsonl
Qwen/Qwen2.5-14B,min_p,0.02,0.98,0.0,98,0,100,533,1000,results/audit.qwen25-14b-base.jsonl
Qwen/Qwen2.5-14B,min_p,0.03,0.98,0.0,98,0,100,486,1000,results/audit.qwen25-14b-base.jsonl
Qwen/Qwen2.5-14B,min_p,0.04,0.98,0.0,98,0,100,456,1000,results/audit.qwen25-14b-base.jsonl
Qwen/Qwen2.5-14B,min_p,0.05,0.98,0.0,98,0,100,423,1000,results/audit.qwen25-14b-base.jsonl
Qwen/Qwen2.5-14B,min_p,0.06,0.97,0.0,97,0,100,407,1000,results/audit.qwen25-14b-base.jsonl
Qwen/Qwen2.5-14B,min_p,0.07,0.96,0.0,96,0,100,387,1000,results/audit.qwen25-14b-base.jsonl
Qwen/Qwen2.5-14B,min_p,0.08,0.95,0.0,95,0,100,378,1000,results/audit.qwen25-14b-base.jsonl
Qwen/Qwen2.5-14B,min_p,0.09,0.93,0.0,93,0,100,364,1000,results/audit.qwen25-14b-base.jsonl
Qwen/Qwen2.5-14B,min_p,0.1,0.92,0.0,92,0,100,352,1000,results/audit.qwen25-14b-base.jsonl
Qwen/Qwen2.5-14B-Instruct,top_k,1.0,0.64,0.0,64,0,100,127,1000,results/audit.qwen25-14b-instruct.jsonl
Qwen/Qwen2.5-14B-Instruct,top_k,2.0,0.75,0.0,75,0,100,192,1000,results/audit.qwen25-14b-instruct.jsonl
Qwen/Qwen2.5-14B-Instruct,top_k,3.0,0.8,0.0,80,0,100,247,1000,results/audit.qwen25-14b-instruct.jsonl
Qwen/Qwen2.5-14B-Instruct,top_k,4.0,0.82,0.0,82,0,100,279,1000,results/audit.qwen25-14b-instruct.jsonl
Qwen/Qwen2.5-14B-Instruct,top_k,5.0,0.87,0.0,87,0,100,306,1000,results/audit.qwen25-14b-instruct.jsonl
Qwen/Qwen2.5-14B-Instruct,top_k,6.0,0.89,0.0,89,0,100,324,1000,results/audit.qwen25-14b-instruct.jsonl
Qwen/Qwen2.5-14B-Instruct,top_k,7.0,0.9,0.0,90,0,100,345,1000,results/audit.qwen25-14b-instruct.jsonl
Qwen/Qwen2.5-14B-Instruct,top_k,8.0,0.94,0.0,94,0,100,365,1000,results/audit.qwen25-14b-instruct.jsonl
Qwen/Qwen2.5-14B-Instruct,top_k,9.0,0.95,0.0,95,0,100,375,1000,results/audit.qwen25-14b-instruct.jsonl
Qwen/Qwen2.5-14B-Instruct,top_k,10.0,0.97,0.0,97,0,100,394,1000,results/audit.qwen25-14b-instruct.jsonl
Qwen/Qwen2.5-14B-Instruct,top_k,11.0,0.97,0.0,97,0,100,407,1000,results/audit.qwen25-14b-instruct.jsonl
Qwen/Qwen2.5-14B-Instruct,top_k,12.0,0.97,0.0,97,0,100,422,1000,results/audit.qwen25-14b-instruct.jsonl
Qwen/Qwen2.5-14B-Instruct,top_k,13.0,0.97,0.0,97,0,100,435,1000,results/audit.qwen25-14b-instruct.jsonl
Qwen/Qwen2.5-14B-Instruct,top_k,14.0,0.98,0.0,98,0,100,442,1000,results/audit.qwen25-14b-instruct.jsonl
Qwen/Qwen2.5-14B-Instruct,top_k,15.0,0.98,0.0,98,0,100,451,1000,results/audit.qwen25-14b-instruct.jsonl
Qwen/Qwen2.5-14B-Instruct,top_k,16.0,0.98,0.0,98,0,100,458,1000,results/audit.qwen25-14b-instruct.jsonl
Qwen/Qwen2.5-14B-Instruct,top_k,17.0,0.98,0.0,98,0,100,466,1000,results/audit.qwen25-14b-instruct.jsonl
Qwen/Qwen2.5-14B-Instruct,top_k,18.0,0.98,0.0,98,0,100,471,1000,results/audit.qwen25-14b-instruct.jsonl
Qwen/Qwen2.5-14B-Instruct,top_k,19.0,0.98,0.0,98,0,100,478,1000,results/audit.qwen25-14b-instruct.jsonl
Qwen/Qwen2.5-14B-Instruct,top_k,20.0,0.98,0.0,98,0,100,493,1000,results/audit.qwen25-14b-instruct.jsonl
Qwen/Qwen2.5-14B-Instruct,top_p,0.5,0.52,0.0,52,0,100,113,1000,results/audit.qwen25-14b-instruct.jsonl
Qwen/Qwen2.5-14B-Instruct,top_p,0.55,0.58,0.0,58,0,100,143,1000,results/audit.qwen25-14b-instruct.jsonl
Qwen/Qwen2.5-14B-Instruct,top_p,0.6,0.61,0.0,61,0,100,171,1000,results/audit.qwen25-14b-instruct.jsonl
Qwen/Qwen2.5-14B-Instruct,top_p,0.65,0.67,0.0,67,0,100,211,1000,results/audit.qwen25-14b-instruct.jsonl
Qwen/Qwen2.5-14B-Instruct,top_p,0.7,0.71,0.0,71,0,100,254,1000,results/audit.qwen25-14b-instruct.jsonl
Qwen/Qwen2.5-14B-Instruct,top_p,0.75,0.74,0.0,74,0,100,298,1000,results/audit.qwen25-14b-instruct.jsonl
Qwen/Qwen2.5-14B-Instruct,top_p,0.8,0.79,0.0,79,0,100,353,1000,results/audit.qwen25-14b-instruct.jsonl
Qwen/Qwen2.5-14B-Instruct,top_p,0.85,0.8,0.0,80,0,100,402,1000,results/audit.qwen25-14b-instruct.jsonl
Qwen/Qwen2.5-14B-Instruct,top_p,0.9,0.85,0.06,85,6,100,492,1000,results/audit.qwen25-14b-instruct.jsonl
Qwen/Qwen2.5-14B-Instruct,top_p,0.95,0.89,0.13,89,13,100,592,1000,results/audit.qwen25-14b-instruct.jsonl
Qwen/Qwen2.5-14B-Instruct,top_p,0.99,0.96,0.4,96,40,100,766,1000,results/audit.qwen25-14b-instruct.jsonl
Qwen/Qwen2.5-14B-Instruct,min_p,0.01,1.0,0.01,100,1,100,581,1000,results/audit.qwen25-14b-instruct.jsonl
Qwen/Qwen2.5-14B-Instruct,min_p,0.02,1.0,0.0,100,0,100,515,1000,results/audit.qwen25-14b-instruct.jsonl
Qwen/Qwen2.5-14B-Instruct,min_p,0.03,0.99,0.0,99,0,100,469,1000,results/audit.qwen25-14b-instruct.jsonl
Qwen/Qwen2.5-14B-Instruct,min_p,0.04,0.98,0.0,98,0,100,429,1000,results/audit.qwen25-14b-instruct.jsonl
Qwen/Qwen2.5-14B-Instruct,min_p,0.05,0.97,0.0,97,0,100,402,1000,results/audit.qwen25-14b-instruct.jsonl
Qwen/Qwen2.5-14B-Instruct,min_p,0.06,0.97,0.0,97,0,100,387,1000,results/audit.qwen25-14b-instruct.jsonl
Qwen/Qwen2.5-14B-Instruct,min_p,0.07,0.95,0.0,95,0,100,364,1000,results/audit.qwen25-14b-instruct.jsonl
Qwen/Qwen2.5-14B-Instruct,min_p,0.08,0.93,0.0,93,0,100,349,1000,results/audit.qwen25-14b-instruct.jsonl
Qwen/Qwen2.5-14B-Instruct,min_p,0.09,0.92,0.0,92,0,100,340,1000,results/audit.qwen25-14b-instruct.jsonl
Qwen/Qwen2.5-14B-Instruct,min_p,0.1,0.9,0.0,90,0,100,326,1000,results/audit.qwen25-14b-instruct.jsonl
Qwen/Qwen3.5-9B,top_k,1.0,0.56,0.0,56,0,100,102,1000,results/audit.qwen35-9b-instruct.jsonl
Qwen/Qwen3.5-9B,top_k,2.0,0.69,0.0,69,0,100,160,1000,results/audit.qwen35-9b-instruct.jsonl
Qwen/Qwen3.5-9B,top_k,3.0,0.74,0.0,74,0,100,199,1000,results/audit.qwen35-9b-instruct.jsonl
Qwen/Qwen3.5-9B,top_k,4.0,0.78,0.0,78,0,100,223,1000,results/audit.qwen35-9b-instruct.jsonl
Qwen/Qwen3.5-9B,top_k,5.0,0.82,0.0,82,0,100,250,1000,results/audit.qwen35-9b-instruct.jsonl
Qwen/Qwen3.5-9B,top_k,6.0,0.82,0.0,82,0,100,272,1000,results/audit.qwen35-9b-instruct.jsonl
Qwen/Qwen3.5-9B,top_k,7.0,0.85,0.0,85,0,100,289,1000,results/audit.qwen35-9b-instruct.jsonl
Qwen/Qwen3.5-9B,top_k,8.0,0.87,0.0,87,0,100,302,1000,results/audit.qwen35-9b-instruct.jsonl
Qwen/Qwen3.5-9B,top_k,9.0,0.88,0.0,88,0,100,315,1000,results/audit.qwen35-9b-instruct.jsonl
Qwen/Qwen3.5-9B,top_k,10.0,0.89,0.0,89,0,100,332,1000,results/audit.qwen35-9b-instruct.jsonl
Qwen/Qwen3.5-9B,top_k,11.0,0.91,0.0,91,0,100,351,1000,results/audit.qwen35-9b-instruct.jsonl
Qwen/Qwen3.5-9B,top_k,12.0,0.91,0.0,91,0,100,362,1000,results/audit.qwen35-9b-instruct.jsonl
Qwen/Qwen3.5-9B,top_k,13.0,0.92,0.0,92,0,100,374,1000,results/audit.qwen35-9b-instruct.jsonl
Qwen/Qwen3.5-9B,top_k,14.0,0.94,0.0,94,0,100,386,1000,results/audit.qwen35-9b-instruct.jsonl
Qwen/Qwen3.5-9B,top_k,15.0,0.94,0.0,94,0,100,394,1000,results/audit.qwen35-9b-instruct.jsonl
Qwen/Qwen3.5-9B,top_k,16.0,0.94,0.0,94,0,100,399,1000,results/audit.qwen35-9b-instruct.jsonl
Qwen/Qwen3.5-9B,top_k,17.0,0.96,0.0,96,0,100,409,1000,results/audit.qwen35-9b-instruct.jsonl
Qwen/Qwen3.5-9B,top_k,18.0,0.96,0.0,96,0,100,424,1000,results/audit.qwen35-9b-instruct.jsonl
Qwen/Qwen3.5-9B,top_k,19.0,0.96,0.0,96,0,100,428,1000,results/audit.qwen35-9b-instruct.jsonl
Qwen/Qwen3.5-9B,top_k,20.0,0.96,0.0,96,0,100,432,1000,results/audit.qwen35-9b-instruct.jsonl
Qwen/Qwen3.5-9B,top_p,0.5,0.54,0.0,54,0,100,143,1000,results/audit.qwen35-9b-instruct.jsonl
Qwen/Qwen3.5-9B,top_p,0.55,0.6,0.0,60,0,100,170,1000,results/audit.qwen35-9b-instruct.jsonl
Qwen/Qwen3.5-9B,top_p,0.6,0.64,0.0,64,0,100,194,1000,results/audit.qwen35-9b-instruct.jsonl
Qwen/Qwen3.5-9B,top_p,0.65,0.72,0.0,72,0,100,235,1000,results/audit.qwen35-9b-instruct.jsonl
Qwen/Qwen3.5-9B,top_p,0.7,0.74,0.0,74,0,100,281,1000,results/audit.qwen35-9b-instruct.jsonl
Qwen/Qwen3.5-9B,top_p,0.75,0.77,0.0,77,0,100,327,1000,results/audit.qwen35-9b-instruct.jsonl
Qwen/Qwen3.5-9B,top_p,0.8,0.83,0.0,83,0,100,375,1000,results/audit.qwen35-9b-instruct.jsonl
Qwen/Qwen3.5-9B,top_p,0.85,0.89,0.02,89,2,100,441,1000,results/audit.qwen35-9b-instruct.jsonl
Qwen/Qwen3.5-9B,top_p,0.9,0.9,0.04,90,4,100,529,1000,results/audit.qwen35-9b-instruct.jsonl
Qwen/Qwen3.5-9B,top_p,0.95,0.94,0.1,94,10,100,634,1000,results/audit.qwen35-9b-instruct.jsonl
Qwen/Qwen3.5-9B,top_p,0.99,0.98,0.49,98,49,100,837,1000,results/audit.qwen35-9b-instruct.jsonl
Qwen/Qwen3.5-9B,min_p,0.01,0.99,0.01,99,1,100,547,1000,results/audit.qwen35-9b-instruct.jsonl
Qwen/Qwen3.5-9B,min_p,0.02,0.97,0.0,97,0,100,464,1000,results/audit.qwen35-9b-instruct.jsonl
Qwen/Qwen3.5-9B,min_p,0.03,0.97,0.0,97,0,100,433,1000,results/audit.qwen35-9b-instruct.jsonl
Qwen/Qwen3.5-9B,min_p,0.04,0.96,0.0,96,0,100,392,1000,results/audit.qwen35-9b-instruct.jsonl
Qwen/Qwen3.5-9B,min_p,0.05,0.93,0.0,93,0,100,361,1000,results/audit.qwen35-9b-instruct.jsonl
Qwen/Qwen3.5-9B,min_p,0.06,0.93,0.0,93,0,100,348,1000,results/audit.qwen35-9b-instruct.jsonl
Qwen/Qwen3.5-9B,min_p,0.07,0.91,0.0,91,0,100,333,1000,results/audit.qwen35-9b-instruct.jsonl
Qwen/Qwen3.5-9B,min_p,0.08,0.91,0.0,91,0,100,323,1000,results/audit.qwen35-9b-instruct.jsonl
Qwen/Qwen3.5-9B,min_p,0.09,0.91,0.0,91,0,100,310,1000,results/audit.qwen35-9b-instruct.jsonl
Qwen/Qwen3.5-9B,min_p,0.1,0.89,0.0,89,0,100,293,1000,results/audit.qwen35-9b-instruct.jsonl
Qwen/Qwen3.5-9B-Base,top_k,1.0,0.63,0.0,63,0,100,114,1000,results/audit.qwen35-9b-base.jsonl
Qwen/Qwen3.5-9B-Base,top_k,2.0,0.74,0.0,74,0,100,175,1000,results/audit.qwen35-9b-base.jsonl
Qwen/Qwen3.5-9B-Base,top_k,3.0,0.76,0.0,76,0,100,213,1000,results/audit.qwen35-9b-base.jsonl
Qwen/Qwen3.5-9B-Base,top_k,4.0,0.79,0.0,79,0,100,238,1000,results/audit.qwen35-9b-base.jsonl
Qwen/Qwen3.5-9B-Base,top_k,5.0,0.83,0.0,83,0,100,271,1000,results/audit.qwen35-9b-base.jsonl
Qwen/Qwen3.5-9B-Base,top_k,6.0,0.89,0.0,89,0,100,291,1000,results/audit.qwen35-9b-base.jsonl
Qwen/Qwen3.5-9B-Base,top_k,7.0,0.89,0.0,89,0,100,312,1000,results/audit.qwen35-9b-base.jsonl
Qwen/Qwen3.5-9B-Base,top_k,8.0,0.89,0.0,89,0,100,325,1000,results/audit.qwen35-9b-base.jsonl
Qwen/Qwen3.5-9B-Base,top_k,9.0,0.9,0.0,90,0,100,340,1000,results/audit.qwen35-9b-base.jsonl
Qwen/Qwen3.5-9B-Base,top_k,10.0,0.91,0.0,91,0,100,359,1000,results/audit.qwen35-9b-base.jsonl
Qwen/Qwen3.5-9B-Base,top_k,11.0,0.92,0.0,92,0,100,369,1000,results/audit.qwen35-9b-base.jsonl
Qwen/Qwen3.5-9B-Base,top_k,12.0,0.93,0.0,93,0,100,382,1000,results/audit.qwen35-9b-base.jsonl
Qwen/Qwen3.5-9B-Base,top_k,13.0,0.93,0.0,93,0,100,387,1000,results/audit.qwen35-9b-base.jsonl
Qwen/Qwen3.5-9B-Base,top_k,14.0,0.93,0.0,93,0,100,399,1000,results/audit.qwen35-9b-base.jsonl
Qwen/Qwen3.5-9B-Base,top_k,15.0,0.93,0.0,93,0,100,410,1000,results/audit.qwen35-9b-base.jsonl
Qwen/Qwen3.5-9B-Base,top_k,16.0,0.93,0.0,93,0,100,418,1000,results/audit.qwen35-9b-base.jsonl
Qwen/Qwen3.5-9B-Base,top_k,17.0,0.93,0.0,93,0,100,428,1000,results/audit.qwen35-9b-base.jsonl
Qwen/Qwen3.5-9B-Base,top_k,18.0,0.93,0.0,93,0,100,433,1000,results/audit.qwen35-9b-base.jsonl
Qwen/Qwen3.5-9B-Base,top_k,19.0,0.93,0.0,93,0,100,434,1000,results/audit.qwen35-9b-base.jsonl
Qwen/Qwen3.5-9B-Base,top_k,20.0,0.93,0.01,93,1,100,441,1000,results/audit.qwen35-9b-base.jsonl
Qwen/Qwen3.5-9B-Base,top_p,0.5,0.61,0.0,61,0,100,157,1000,results/audit.qwen35-9b-base.jsonl
Qwen/Qwen3.5-9B-Base,top_p,0.55,0.66,0.0,66,0,100,193,1000,results/audit.qwen35-9b-base.jsonl
Qwen/Qwen3.5-9B-Base,top_p,0.6,0.69,0.0,69,0,100,225,1000,results/audit.qwen35-9b-base.jsonl
Qwen/Qwen3.5-9B-Base,top_p,0.65,0.71,0.0,71,0,100,264,1000,results/audit.qwen35-9b-base.jsonl
Qwen/Qwen3.5-9B-Base,top_p,0.7,0.76,0.0,76,0,100,311,1000,results/audit.qwen35-9b-base.jsonl
Qwen/Qwen3.5-9B-Base,top_p,0.75,0.79,0.0,79,0,100,351,1000,results/audit.qwen35-9b-base.jsonl
Qwen/Qwen3.5-9B-Base,top_p,0.8,0.84,0.0,84,0,100,397,1000,results/audit.qwen35-9b-base.jsonl
Qwen/Qwen3.5-9B-Base,top_p,0.85,0.88,0.03,88,3,100,465,1000,results/audit.qwen35-9b-base.jsonl
Qwen/Qwen3.5-9B-Base,top_p,0.9,0.9,0.06,90,6,100,553,1000,results/audit.qwen35-9b-base.jsonl
Qwen/Qwen3.5-9B-Base,top_p,0.95,0.95,0.15,95,15,100,663,1000,results/audit.qwen35-9b-base.jsonl
Qwen/Qwen3.5-9B-Base,top_p,0.99,0.99,0.56,99,56,100,835,1000,results/audit.qwen35-9b-base.jsonl
Qwen/Qwen3.5-9B-Base,min_p,0.01,0.99,0.0,99,0,100,563,1000,results/audit.qwen35-9b-base.jsonl
Qwen/Qwen3.5-9B-Base,min_p,0.02,0.97,0.0,97,0,100,494,1000,results/audit.qwen35-9b-base.jsonl
Qwen/Qwen3.5-9B-Base,min_p,0.03,0.97,0.0,97,0,100,457,1000,results/audit.qwen35-9b-base.jsonl
Qwen/Qwen3.5-9B-Base,min_p,0.04,0.96,0.0,96,0,100,424,1000,results/audit.qwen35-9b-base.jsonl
Qwen/Qwen3.5-9B-Base,min_p,0.05,0.95,0.0,95,0,100,394,1000,results/audit.qwen35-9b-base.jsonl
Qwen/Qwen3.5-9B-Base,min_p,0.06,0.92,0.0,92,0,100,377,1000,results/audit.qwen35-9b-base.jsonl
Qwen/Qwen3.5-9B-Base,min_p,0.07,0.9,0.0,90,0,100,357,1000,results/audit.qwen35-9b-base.jsonl
Qwen/Qwen3.5-9B-Base,min_p,0.08,0.9,0.0,90,0,100,339,1000,results/audit.qwen35-9b-base.jsonl
Qwen/Qwen3.5-9B-Base,min_p,0.09,0.9,0.0,90,0,100,323,1000,results/audit.qwen35-9b-base.jsonl
Qwen/Qwen3.5-9B-Base,min_p,0.1,0.89,0.0,89,0,100,306,1000,results/audit.qwen35-9b-base.jsonl
deepseek-ai/DeepSeek-R1-Distill-Qwen-14B,top_k,1.0,0.5,0.0,50,0,100,88,1000,results/audit.deepseek-qwen14b-distill.jsonl
deepseek-ai/DeepSeek-R1-Distill-Qwen-14B,top_k,2.0,0.6,0.0,60,0,100,140,1000,results/audit.deepseek-qwen14b-distill.jsonl
deepseek-ai/DeepSeek-R1-Distill-Qwen-14B,top_k,3.0,0.63,0.0,63,0,100,167,1000,results/audit.deepseek-qwen14b-distill.jsonl
deepseek-ai/DeepSeek-R1-Distill-Qwen-14B,top_k,4.0,0.67,0.0,67,0,100,190,1000,results/audit.deepseek-qwen14b-distill.jsonl
deepseek-ai/DeepSeek-R1-Distill-Qwen-14B,top_k,5.0,0.75,0.0,75,0,100,217,1000,results/audit.deepseek-qwen14b-distill.jsonl
deepseek-ai/DeepSeek-R1-Distill-Qwen-14B,top_k,6.0,0.78,0.0,78,0,100,238,1000,results/audit.deepseek-qwen14b-distill.jsonl
deepseek-ai/DeepSeek-R1-Distill-Qwen-14B,top_k,7.0,0.8,0.0,80,0,100,258,1000,results/audit.deepseek-qwen14b-distill.jsonl
deepseek-ai/DeepSeek-R1-Distill-Qwen-14B,top_k,8.0,0.8,0.0,80,0,100,266,1000,results/audit.deepseek-qwen14b-distill.jsonl
deepseek-ai/DeepSeek-R1-Distill-Qwen-14B,top_k,9.0,0.81,0.0,81,0,100,275,1000,results/audit.deepseek-qwen14b-distill.jsonl
deepseek-ai/DeepSeek-R1-Distill-Qwen-14B,top_k,10.0,0.82,0.0,82,0,100,286,1000,results/audit.deepseek-qwen14b-distill.jsonl
deepseek-ai/DeepSeek-R1-Distill-Qwen-14B,top_k,11.0,0.83,0.0,83,0,100,291,1000,results/audit.deepseek-qwen14b-distill.jsonl
deepseek-ai/DeepSeek-R1-Distill-Qwen-14B,top_k,12.0,0.84,0.0,84,0,100,299,1000,results/audit.deepseek-qwen14b-distill.jsonl
deepseek-ai/DeepSeek-R1-Distill-Qwen-14B,top_k,13.0,0.86,0.01,86,1,100,310,1000,results/audit.deepseek-qwen14b-distill.jsonl
deepseek-ai/DeepSeek-R1-Distill-Qwen-14B,top_k,14.0,0.88,0.01,88,1,100,317,1000,results/audit.deepseek-qwen14b-distill.jsonl
deepseek-ai/DeepSeek-R1-Distill-Qwen-14B,top_k,15.0,0.91,0.01,91,1,100,328,1000,results/audit.deepseek-qwen14b-distill.jsonl
deepseek-ai/DeepSeek-R1-Distill-Qwen-14B,top_k,16.0,0.91,0.01,91,1,100,333,1000,results/audit.deepseek-qwen14b-distill.jsonl
deepseek-ai/DeepSeek-R1-Distill-Qwen-14B,top_k,17.0,0.91,0.01,91,1,100,343,1000,results/audit.deepseek-qwen14b-distill.jsonl
deepseek-ai/DeepSeek-R1-Distill-Qwen-14B,top_k,18.0,0.93,0.01,93,1,100,351,1000,results/audit.deepseek-qwen14b-distill.jsonl
deepseek-ai/DeepSeek-R1-Distill-Qwen-14B,top_k,19.0,0.93,0.02,93,2,100,359,1000,results/audit.deepseek-qwen14b-distill.jsonl
deepseek-ai/DeepSeek-R1-Distill-Qwen-14B,top_k,20.0,0.93,0.02,93,2,100,364,1000,results/audit.deepseek-qwen14b-distill.jsonl
deepseek-ai/DeepSeek-R1-Distill-Qwen-14B,top_p,0.5,0.35,0.0,35,0,100,57,1000,results/audit.deepseek-qwen14b-distill.jsonl
deepseek-ai/DeepSeek-R1-Distill-Qwen-14B,top_p,0.55,0.39,0.0,39,0,100,65,1000,results/audit.deepseek-qwen14b-distill.jsonl
deepseek-ai/DeepSeek-R1-Distill-Qwen-14B,top_p,0.6,0.44,0.0,44,0,100,80,1000,results/audit.deepseek-qwen14b-distill.jsonl
deepseek-ai/DeepSeek-R1-Distill-Qwen-14B,top_p,0.65,0.47,0.0,47,0,100,96,1000,results/audit.deepseek-qwen14b-distill.jsonl
deepseek-ai/DeepSeek-R1-Distill-Qwen-14B,top_p,0.7,0.52,0.0,52,0,100,120,1000,results/audit.deepseek-qwen14b-distill.jsonl
deepseek-ai/DeepSeek-R1-Distill-Qwen-14B,top_p,0.75,0.58,0.0,58,0,100,146,1000,results/audit.deepseek-qwen14b-distill.jsonl
deepseek-ai/DeepSeek-R1-Distill-Qwen-14B,top_p,0.8,0.64,0.0,64,0,100,180,1000,results/audit.deepseek-qwen14b-distill.jsonl
deepseek-ai/DeepSeek-R1-Distill-Qwen-14B,top_p,0.85,0.7,0.0,70,0,100,217,1000,results/audit.deepseek-qwen14b-distill.jsonl
deepseek-ai/DeepSeek-R1-Distill-Qwen-14B,top_p,0.9,0.76,0.01,76,1,100,286,1000,results/audit.deepseek-qwen14b-distill.jsonl
deepseek-ai/DeepSeek-R1-Distill-Qwen-14B,top_p,0.95,0.82,0.02,82,2,100,408,1000,results/audit.deepseek-qwen14b-distill.jsonl
deepseek-ai/DeepSeek-R1-Distill-Qwen-14B,top_p,0.99,0.93,0.14,93,14,100,626,1000,results/audit.deepseek-qwen14b-distill.jsonl
deepseek-ai/DeepSeek-R1-Distill-Qwen-14B,min_p,0.01,0.96,0.01,96,1,100,385,1000,results/audit.deepseek-qwen14b-distill.jsonl
deepseek-ai/DeepSeek-R1-Distill-Qwen-14B,min_p,0.02,0.88,0.01,88,1,100,316,1000,results/audit.deepseek-qwen14b-distill.jsonl
deepseek-ai/DeepSeek-R1-Distill-Qwen-14B,min_p,0.03,0.86,0.01,86,1,100,285,1000,results/audit.deepseek-qwen14b-distill.jsonl
deepseek-ai/DeepSeek-R1-Distill-Qwen-14B,min_p,0.04,0.83,0.01,83,1,100,261,1000,results/audit.deepseek-qwen14b-distill.jsonl
deepseek-ai/DeepSeek-R1-Distill-Qwen-14B,min_p,0.05,0.79,0.0,79,0,100,246,1000,results/audit.deepseek-qwen14b-distill.jsonl
deepseek-ai/DeepSeek-R1-Distill-Qwen-14B,min_p,0.06,0.78,0.0,78,0,100,237,1000,results/audit.deepseek-qwen14b-distill.jsonl
deepseek-ai/DeepSeek-R1-Distill-Qwen-14B,min_p,0.07,0.76,0.0,76,0,100,223,1000,results/audit.deepseek-qwen14b-distill.jsonl
deepseek-ai/DeepSeek-R1-Distill-Qwen-14B,min_p,0.08,0.75,0.0,75,0,100,211,1000,results/audit.deepseek-qwen14b-distill.jsonl
deepseek-ai/DeepSeek-R1-Distill-Qwen-14B,min_p,0.09,0.75,0.0,75,0,100,206,1000,results/audit.deepseek-qwen14b-distill.jsonl
deepseek-ai/DeepSeek-R1-Distill-Qwen-14B,min_p,0.1,0.74,0.0,74,0,100,201,1000,results/audit.deepseek-qwen14b-distill.jsonl
google/gemma-3-12b-it,top_k,1.0,0.16,0.0,16,0,100,19,1000,results/audit.gemma3-12b-it.jsonl
google/gemma-3-12b-it,top_k,2.0,0.21,0.0,21,0,100,26,1000,results/audit.gemma3-12b-it.jsonl
google/gemma-3-12b-it,top_k,3.0,0.32,0.0,32,0,100,42,1000,results/audit.gemma3-12b-it.jsonl
google/gemma-3-12b-it,top_k,4.0,0.37,0.0,37,0,100,52,1000,results/audit.gemma3-12b-it.jsonl
google/gemma-3-12b-it,top_k,5.0,0.4,0.0,40,0,100,59,1000,results/audit.gemma3-12b-it.jsonl
google/gemma-3-12b-it,top_k,6.0,0.45,0.0,45,0,100,67,1000,results/audit.gemma3-12b-it.jsonl
google/gemma-3-12b-it,top_k,7.0,0.47,0.0,47,0,100,73,1000,results/audit.gemma3-12b-it.jsonl
google/gemma-3-12b-it,top_k,8.0,0.51,0.0,51,0,100,78,1000,results/audit.gemma3-12b-it.jsonl
google/gemma-3-12b-it,top_k,9.0,0.52,0.0,52,0,100,83,1000,results/audit.gemma3-12b-it.jsonl
google/gemma-3-12b-it,top_k,10.0,0.53,0.0,53,0,100,86,1000,results/audit.gemma3-12b-it.jsonl
google/gemma-3-12b-it,top_k,11.0,0.55,0.0,55,0,100,91,1000,results/audit.gemma3-12b-it.jsonl
google/gemma-3-12b-it,top_k,12.0,0.57,0.0,57,0,100,96,1000,results/audit.gemma3-12b-it.jsonl
google/gemma-3-12b-it,top_k,13.0,0.57,0.0,57,0,100,98,1000,results/audit.gemma3-12b-it.jsonl
google/gemma-3-12b-it,top_k,14.0,0.59,0.0,59,0,100,103,1000,results/audit.gemma3-12b-it.jsonl
google/gemma-3-12b-it,top_k,15.0,0.6,0.0,60,0,100,106,1000,results/audit.gemma3-12b-it.jsonl
google/gemma-3-12b-it,top_k,16.0,0.6,0.0,60,0,100,107,1000,results/audit.gemma3-12b-it.jsonl
google/gemma-3-12b-it,top_k,17.0,0.61,0.0,61,0,100,114,1000,results/audit.gemma3-12b-it.jsonl
google/gemma-3-12b-it,top_k,18.0,0.61,0.0,61,0,100,116,1000,results/audit.gemma3-12b-it.jsonl
google/gemma-3-12b-it,top_k,19.0,0.62,0.0,62,0,100,117,1000,results/audit.gemma3-12b-it.jsonl
google/gemma-3-12b-it,top_k,20.0,0.62,0.0,62,0,100,121,1000,results/audit.gemma3-12b-it.jsonl
google/gemma-3-12b-it,top_p,0.5,0.26,0.0,26,0,100,31,1000,results/audit.gemma3-12b-it.jsonl
google/gemma-3-12b-it,top_p,0.55,0.3,0.0,30,0,100,36,1000,results/audit.gemma3-12b-it.jsonl
google/gemma-3-12b-it,top_p,0.6,0.35,0.0,35,0,100,46,1000,results/audit.gemma3-12b-it.jsonl
google/gemma-3-12b-it,top_p,0.65,0.44,0.0,44,0,100,60,1000,results/audit.gemma3-12b-it.jsonl
google/gemma-3-12b-it,top_p,0.7,0.49,0.0,49,0,100,70,1000,results/audit.gemma3-12b-it.jsonl
google/gemma-3-12b-it,top_p,0.75,0.52,0.0,52,0,100,81,1000,results/audit.gemma3-12b-it.jsonl
google/gemma-3-12b-it,top_p,0.8,0.62,0.0,62,0,100,98,1000,results/audit.gemma3-12b-it.jsonl
google/gemma-3-12b-it,top_p,0.85,0.7,0.0,70,0,100,121,1000,results/audit.gemma3-12b-it.jsonl
google/gemma-3-12b-it,top_p,0.9,0.82,0.0,82,0,100,177,1000,results/audit.gemma3-12b-it.jsonl
google/gemma-3-12b-it,top_p,0.95,0.92,0.0,92,0,100,283,1000,results/audit.gemma3-12b-it.jsonl
google/gemma-3-12b-it,top_p,0.99,1.0,0.01,100,1,100,508,1000,results/audit.gemma3-12b-it.jsonl
google/gemma-3-12b-it,min_p,0.01,0.59,0.0,59,0,100,107,1000,results/audit.gemma3-12b-it.jsonl
google/gemma-3-12b-it,min_p,0.02,0.55,0.0,55,0,100,92,1000,results/audit.gemma3-12b-it.jsonl
google/gemma-3-12b-it,min_p,0.03,0.51,0.0,51,0,100,84,1000,results/audit.gemma3-12b-it.jsonl
google/gemma-3-12b-it,min_p,0.04,0.47,0.0,47,0,100,75,1000,results/audit.gemma3-12b-it.jsonl
google/gemma-3-12b-it,min_p,0.05,0.45,0.0,45,0,100,69,1000,results/audit.gemma3-12b-it.jsonl
google/gemma-3-12b-it,min_p,0.06,0.45,0.0,45,0,100,66,1000,results/audit.gemma3-12b-it.jsonl
google/gemma-3-12b-it,min_p,0.07,0.41,0.0,41,0,100,60,1000,results/audit.gemma3-12b-it.jsonl
google/gemma-3-12b-it,min_p,0.08,0.4,0.0,40,0,100,59,1000,results/audit.gemma3-12b-it.jsonl
google/gemma-3-12b-it,min_p,0.09,0.39,0.0,39,0,100,55,1000,results/audit.gemma3-12b-it.jsonl
google/gemma-3-12b-it,min_p,0.1,0.38,0.0,38,0,100,52,1000,results/audit.gemma3-12b-it.jsonl
google/gemma-3-12b-pt,top_k,1.0,0.14,0.0,14,0,100,15,1000,results/audit.gemma3-12b-base.jsonl
google/gemma-3-12b-pt,top_k,2.0,0.21,0.0,21,0,100,25,1000,results/audit.gemma3-12b-base.jsonl
google/gemma-3-12b-pt,top_k,3.0,0.23,0.0,23,0,100,29,1000,results/audit.gemma3-12b-base.jsonl
google/gemma-3-12b-pt,top_k,4.0,0.27,0.0,27,0,100,33,1000,results/audit.gemma3-12b-base.jsonl
google/gemma-3-12b-pt,top_k,5.0,0.28,0.0,28,0,100,34,1000,results/audit.gemma3-12b-base.jsonl
google/gemma-3-12b-pt,top_k,6.0,0.29,0.0,29,0,100,36,1000,results/audit.gemma3-12b-base.jsonl
google/gemma-3-12b-pt,top_k,7.0,0.32,0.0,32,0,100,41,1000,results/audit.gemma3-12b-base.jsonl
google/gemma-3-12b-pt,top_k,8.0,0.35,0.0,35,0,100,45,1000,results/audit.gemma3-12b-base.jsonl
google/gemma-3-12b-pt,top_k,9.0,0.37,0.0,37,0,100,53,1000,results/audit.gemma3-12b-base.jsonl
google/gemma-3-12b-pt,top_k,10.0,0.37,0.0,37,0,100,53,1000,results/audit.gemma3-12b-base.jsonl
google/gemma-3-12b-pt,top_k,11.0,0.38,0.0,38,0,100,56,1000,results/audit.gemma3-12b-base.jsonl
google/gemma-3-12b-pt,top_k,12.0,0.4,0.0,40,0,100,59,1000,results/audit.gemma3-12b-base.jsonl
google/gemma-3-12b-pt,top_k,13.0,0.42,0.0,42,0,100,62,1000,results/audit.gemma3-12b-base.jsonl
google/gemma-3-12b-pt,top_k,14.0,0.44,0.0,44,0,100,66,1000,results/audit.gemma3-12b-base.jsonl
google/gemma-3-12b-pt,top_k,15.0,0.45,0.0,45,0,100,67,1000,results/audit.gemma3-12b-base.jsonl
google/gemma-3-12b-pt,top_k,16.0,0.46,0.0,46,0,100,69,1000,results/audit.gemma3-12b-base.jsonl
google/gemma-3-12b-pt,top_k,17.0,0.5,0.0,50,0,100,76,1000,results/audit.gemma3-12b-base.jsonl
google/gemma-3-12b-pt,top_k,18.0,0.52,0.0,52,0,100,80,1000,results/audit.gemma3-12b-base.jsonl
google/gemma-3-12b-pt,top_k,19.0,0.52,0.0,52,0,100,83,1000,results/audit.gemma3-12b-base.jsonl
google/gemma-3-12b-pt,top_k,20.0,0.52,0.0,52,0,100,84,1000,results/audit.gemma3-12b-base.jsonl
google/gemma-3-12b-pt,top_p,0.5,0.13,0.0,13,0,100,13,1000,results/audit.gemma3-12b-base.jsonl
google/gemma-3-12b-pt,top_p,0.55,0.18,0.0,18,0,100,18,1000,results/audit.gemma3-12b-base.jsonl
google/gemma-3-12b-pt,top_p,0.6,0.23,0.0,23,0,100,24,1000,results/audit.gemma3-12b-base.jsonl
google/gemma-3-12b-pt,top_p,0.65,0.27,0.0,27,0,100,29,1000,results/audit.gemma3-12b-base.jsonl
google/gemma-3-12b-pt,top_p,0.7,0.32,0.0,32,0,100,37,1000,results/audit.gemma3-12b-base.jsonl
google/gemma-3-12b-pt,top_p,0.75,0.42,0.0,42,0,100,55,1000,results/audit.gemma3-12b-base.jsonl
google/gemma-3-12b-pt,top_p,0.8,0.48,0.0,48,0,100,76,1000,results/audit.gemma3-12b-base.jsonl
google/gemma-3-12b-pt,top_p,0.85,0.61,0.0,61,0,100,111,1000,results/audit.gemma3-12b-base.jsonl
google/gemma-3-12b-pt,top_p,0.9,0.71,0.0,71,0,100,167,1000,results/audit.gemma3-12b-base.jsonl
google/gemma-3-12b-pt,top_p,0.95,0.89,0.0,89,0,100,284,1000,results/audit.gemma3-12b-base.jsonl
google/gemma-3-12b-pt,top_p,0.99,1.0,0.04,100,4,100,629,1000,results/audit.gemma3-12b-base.jsonl
google/gemma-3-12b-pt,min_p,0.01,0.55,0.0,55,0,100,87,1000,results/audit.gemma3-12b-base.jsonl
google/gemma-3-12b-pt,min_p,0.02,0.45,0.0,45,0,100,63,1000,results/audit.gemma3-12b-base.jsonl
google/gemma-3-12b-pt,min_p,0.03,0.41,0.0,41,0,100,53,1000,results/audit.gemma3-12b-base.jsonl
google/gemma-3-12b-pt,min_p,0.04,0.37,0.0,37,0,100,45,1000,results/audit.gemma3-12b-base.jsonl
google/gemma-3-12b-pt,min_p,0.05,0.36,0.0,36,0,100,43,1000,results/audit.gemma3-12b-base.jsonl
google/gemma-3-12b-pt,min_p,0.06,0.36,0.0,36,0,100,42,1000,results/audit.gemma3-12b-base.jsonl
google/gemma-3-12b-pt,min_p,0.07,0.33,0.0,33,0,100,39,1000,results/audit.gemma3-12b-base.jsonl
google/gemma-3-12b-pt,min_p,0.08,0.29,0.0,29,0,100,35,1000,results/audit.gemma3-12b-base.jsonl
google/gemma-3-12b-pt,min_p,0.09,0.28,0.0,28,0,100,34,1000,results/audit.gemma3-12b-base.jsonl
google/gemma-3-12b-pt,min_p,0.1,0.28,0.0,28,0,100,33,1000,results/audit.gemma3-12b-base.jsonl
google/gemma-4-E4B,top_k,1.0,0.11,0.0,11,0,100,13,1000,results/audit.gemma4-e4b-base.jsonl
google/gemma-4-E4B,top_k,2.0,0.13,0.0,13,0,100,16,1000,results/audit.gemma4-e4b-base.jsonl
google/gemma-4-E4B,top_k,3.0,0.17,0.0,17,0,100,22,1000,results/audit.gemma4-e4b-base.jsonl
google/gemma-4-E4B,top_k,4.0,0.24,0.0,24,0,100,31,1000,results/audit.gemma4-e4b-base.jsonl
google/gemma-4-E4B,top_k,5.0,0.27,0.0,27,0,100,37,1000,results/audit.gemma4-e4b-base.jsonl
google/gemma-4-E4B,top_k,6.0,0.3,0.0,30,0,100,40,1000,results/audit.gemma4-e4b-base.jsonl
google/gemma-4-E4B,top_k,7.0,0.35,0.0,35,0,100,48,1000,results/audit.gemma4-e4b-base.jsonl
google/gemma-4-E4B,top_k,8.0,0.4,0.0,40,0,100,54,1000,results/audit.gemma4-e4b-base.jsonl
google/gemma-4-E4B,top_k,9.0,0.42,0.0,42,0,100,56,1000,results/audit.gemma4-e4b-base.jsonl
google/gemma-4-E4B,top_k,10.0,0.43,0.0,43,0,100,57,1000,results/audit.gemma4-e4b-base.jsonl
google/gemma-4-E4B,top_k,11.0,0.45,0.0,45,0,100,62,1000,results/audit.gemma4-e4b-base.jsonl
google/gemma-4-E4B,top_k,12.0,0.48,0.0,48,0,100,67,1000,results/audit.gemma4-e4b-base.jsonl
google/gemma-4-E4B,top_k,13.0,0.52,0.0,52,0,100,75,1000,results/audit.gemma4-e4b-base.jsonl
google/gemma-4-E4B,top_k,14.0,0.55,0.0,55,0,100,82,1000,results/audit.gemma4-e4b-base.jsonl
google/gemma-4-E4B,top_k,15.0,0.55,0.0,55,0,100,83,1000,results/audit.gemma4-e4b-base.jsonl
google/gemma-4-E4B,top_k,16.0,0.55,0.0,55,0,100,88,1000,results/audit.gemma4-e4b-base.jsonl
google/gemma-4-E4B,top_k,17.0,0.55,0.0,55,0,100,91,1000,results/audit.gemma4-e4b-base.jsonl
google/gemma-4-E4B,top_k,18.0,0.59,0.0,59,0,100,97,1000,results/audit.gemma4-e4b-base.jsonl
google/gemma-4-E4B,top_k,19.0,0.59,0.0,59,0,100,97,1000,results/audit.gemma4-e4b-base.jsonl
google/gemma-4-E4B,top_k,20.0,0.6,0.0,60,0,100,99,1000,results/audit.gemma4-e4b-base.jsonl
google/gemma-4-E4B,top_p,0.5,0.19,0.0,19,0,100,19,1000,results/audit.gemma4-e4b-base.jsonl
google/gemma-4-E4B,top_p,0.55,0.26,0.0,26,0,100,29,1000,results/audit.gemma4-e4b-base.jsonl
google/gemma-4-E4B,top_p,0.6,0.3,0.0,30,0,100,36,1000,results/audit.gemma4-e4b-base.jsonl
google/gemma-4-E4B,top_p,0.65,0.33,0.0,33,0,100,43,1000,results/audit.gemma4-e4b-base.jsonl
google/gemma-4-E4B,top_p,0.7,0.39,0.0,39,0,100,52,1000,results/audit.gemma4-e4b-base.jsonl
google/gemma-4-E4B,top_p,0.75,0.47,0.0,47,0,100,64,1000,results/audit.gemma4-e4b-base.jsonl
google/gemma-4-E4B,top_p,0.8,0.55,0.0,55,0,100,87,1000,results/audit.gemma4-e4b-base.jsonl
google/gemma-4-E4B,top_p,0.85,0.66,0.0,66,0,100,121,1000,results/audit.gemma4-e4b-base.jsonl
google/gemma-4-E4B,top_p,0.9,0.79,0.0,79,0,100,176,1000,results/audit.gemma4-e4b-base.jsonl
google/gemma-4-E4B,top_p,0.95,0.88,0.0,88,0,100,270,1000,results/audit.gemma4-e4b-base.jsonl
google/gemma-4-E4B,top_p,0.99,1.0,0.03,100,3,100,493,1000,results/audit.gemma4-e4b-base.jsonl
google/gemma-4-E4B,min_p,0.01,0.69,0.0,69,0,100,114,1000,results/audit.gemma4-e4b-base.jsonl
google/gemma-4-E4B,min_p,0.02,0.53,0.0,53,0,100,78,1000,results/audit.gemma4-e4b-base.jsonl
google/gemma-4-E4B,min_p,0.03,0.5,0.0,50,0,100,69,1000,results/audit.gemma4-e4b-base.jsonl
google/gemma-4-E4B,min_p,0.04,0.44,0.0,44,0,100,59,1000,results/audit.gemma4-e4b-base.jsonl
google/gemma-4-E4B,min_p,0.05,0.42,0.0,42,0,100,53,1000,results/audit.gemma4-e4b-base.jsonl
google/gemma-4-E4B,min_p,0.06,0.41,0.0,41,0,100,52,1000,results/audit.gemma4-e4b-base.jsonl
google/gemma-4-E4B,min_p,0.07,0.39,0.0,39,0,100,48,1000,results/audit.gemma4-e4b-base.jsonl
google/gemma-4-E4B,min_p,0.08,0.38,0.0,38,0,100,47,1000,results/audit.gemma4-e4b-base.jsonl
google/gemma-4-E4B,min_p,0.09,0.35,0.0,35,0,100,44,1000,results/audit.gemma4-e4b-base.jsonl
google/gemma-4-E4B,min_p,0.1,0.34,0.0,34,0,100,43,1000,results/audit.gemma4-e4b-base.jsonl
google/gemma-4-E4B-it,top_k,1.0,0.08,0.0,8,0,100,9,1000,results/audit.gemma4-e4b-it.jsonl
google/gemma-4-E4B-it,top_k,2.0,0.1,0.0,10,0,100,11,1000,results/audit.gemma4-e4b-it.jsonl
google/gemma-4-E4B-it,top_k,3.0,0.13,0.0,13,0,100,14,1000,results/audit.gemma4-e4b-it.jsonl
google/gemma-4-E4B-it,top_k,4.0,0.14,0.0,14,0,100,15,1000,results/audit.gemma4-e4b-it.jsonl
google/gemma-4-E4B-it,top_k,5.0,0.16,0.0,16,0,100,17,1000,results/audit.gemma4-e4b-it.jsonl
google/gemma-4-E4B-it,top_k,6.0,0.19,0.0,19,0,100,21,1000,results/audit.gemma4-e4b-it.jsonl
google/gemma-4-E4B-it,top_k,7.0,0.21,0.0,21,0,100,23,1000,results/audit.gemma4-e4b-it.jsonl
google/gemma-4-E4B-it,top_k,8.0,0.25,0.0,25,0,100,27,1000,results/audit.gemma4-e4b-it.jsonl
google/gemma-4-E4B-it,top_k,9.0,0.27,0.0,27,0,100,29,1000,results/audit.gemma4-e4b-it.jsonl
google/gemma-4-E4B-it,top_k,10.0,0.27,0.0,27,0,100,29,1000,results/audit.gemma4-e4b-it.jsonl
google/gemma-4-E4B-it,top_k,11.0,0.28,0.0,28,0,100,30,1000,results/audit.gemma4-e4b-it.jsonl
google/gemma-4-E4B-it,top_k,12.0,0.28,0.0,28,0,100,30,1000,results/audit.gemma4-e4b-it.jsonl
google/gemma-4-E4B-it,top_k,13.0,0.28,0.0,28,0,100,30,1000,results/audit.gemma4-e4b-it.jsonl
google/gemma-4-E4B-it,top_k,14.0,0.29,0.0,29,0,100,31,1000,results/audit.gemma4-e4b-it.jsonl
google/gemma-4-E4B-it,top_k,15.0,0.3,0.0,30,0,100,33,1000,results/audit.gemma4-e4b-it.jsonl
google/gemma-4-E4B-it,top_k,16.0,0.3,0.0,30,0,100,33,1000,results/audit.gemma4-e4b-it.jsonl
google/gemma-4-E4B-it,top_k,17.0,0.3,0.0,30,0,100,34,1000,results/audit.gemma4-e4b-it.jsonl
google/gemma-4-E4B-it,top_k,18.0,0.3,0.0,30,0,100,35,1000,results/audit.gemma4-e4b-it.jsonl
google/gemma-4-E4B-it,top_k,19.0,0.3,0.0,30,0,100,35,1000,results/audit.gemma4-e4b-it.jsonl
google/gemma-4-E4B-it,top_k,20.0,0.3,0.0,30,0,100,35,1000,results/audit.gemma4-e4b-it.jsonl
google/gemma-4-E4B-it,top_p,0.5,0.03,0.0,3,0,100,3,1000,results/audit.gemma4-e4b-it.jsonl
google/gemma-4-E4B-it,top_p,0.55,0.04,0.0,4,0,100,4,1000,results/audit.gemma4-e4b-it.jsonl
google/gemma-4-E4B-it,top_p,0.6,0.06,0.0,6,0,100,6,1000,results/audit.gemma4-e4b-it.jsonl
google/gemma-4-E4B-it,top_p,0.65,0.1,0.0,10,0,100,10,1000,results/audit.gemma4-e4b-it.jsonl
google/gemma-4-E4B-it,top_p,0.7,0.11,0.0,11,0,100,11,1000,results/audit.gemma4-e4b-it.jsonl
google/gemma-4-E4B-it,top_p,0.75,0.11,0.0,11,0,100,11,1000,results/audit.gemma4-e4b-it.jsonl
google/gemma-4-E4B-it,top_p,0.8,0.14,0.0,14,0,100,14,1000,results/audit.gemma4-e4b-it.jsonl
google/gemma-4-E4B-it,top_p,0.85,0.22,0.0,22,0,100,27,1000,results/audit.gemma4-e4b-it.jsonl
google/gemma-4-E4B-it,top_p,0.9,0.3,0.0,30,0,100,41,1000,results/audit.gemma4-e4b-it.jsonl
google/gemma-4-E4B-it,top_p,0.95,0.49,0.0,49,0,100,81,1000,results/audit.gemma4-e4b-it.jsonl
google/gemma-4-E4B-it,top_p,0.99,0.82,0.0,82,0,100,206,1000,results/audit.gemma4-e4b-it.jsonl
google/gemma-4-E4B-it,min_p,0.01,0.27,0.0,27,0,100,31,1000,results/audit.gemma4-e4b-it.jsonl
google/gemma-4-E4B-it,min_p,0.02,0.22,0.0,22,0,100,24,1000,results/audit.gemma4-e4b-it.jsonl
google/gemma-4-E4B-it,min_p,0.03,0.18,0.0,18,0,100,19,1000,results/audit.gemma4-e4b-it.jsonl
google/gemma-4-E4B-it,min_p,0.04,0.14,0.0,14,0,100,15,1000,results/audit.gemma4-e4b-it.jsonl
google/gemma-4-E4B-it,min_p,0.05,0.14,0.0,14,0,100,15,1000,results/audit.gemma4-e4b-it.jsonl
google/gemma-4-E4B-it,min_p,0.06,0.13,0.0,13,0,100,14,1000,results/audit.gemma4-e4b-it.jsonl
google/gemma-4-E4B-it,min_p,0.07,0.13,0.0,13,0,100,14,1000,results/audit.gemma4-e4b-it.jsonl
google/gemma-4-E4B-it,min_p,0.08,0.13,0.0,13,0,100,14,1000,results/audit.gemma4-e4b-it.jsonl
google/gemma-4-E4B-it,min_p,0.09,0.12,0.0,12,0,100,13,1000,results/audit.gemma4-e4b-it.jsonl
google/gemma-4-E4B-it,min_p,0.1,0.11,0.0,11,0,100,12,1000,results/audit.gemma4-e4b-it.jsonl
meta-llama/Llama-3.1-8B,top_k,1.0,0.63,0.0,63,0,100,122,1000,results/audit.llama31-8b-base.jsonl
meta-llama/Llama-3.1-8B,top_k,2.0,0.73,0.0,73,0,100,192,1000,results/audit.llama31-8b-base.jsonl
meta-llama/Llama-3.1-8B,top_k,3.0,0.8,0.0,80,0,100,243,1000,results/audit.llama31-8b-base.jsonl
meta-llama/Llama-3.1-8B,top_k,4.0,0.81,0.0,81,0,100,277,1000,results/audit.llama31-8b-base.jsonl
meta-llama/Llama-3.1-8B,top_k,5.0,0.85,0.0,85,0,100,302,1000,results/audit.llama31-8b-base.jsonl
meta-llama/Llama-3.1-8B,top_k,6.0,0.87,0.0,87,0,100,327,1000,results/audit.llama31-8b-base.jsonl
meta-llama/Llama-3.1-8B,top_k,7.0,0.87,0.0,87,0,100,344,1000,results/audit.llama31-8b-base.jsonl
meta-llama/Llama-3.1-8B,top_k,8.0,0.87,0.0,87,0,100,357,1000,results/audit.llama31-8b-base.jsonl
meta-llama/Llama-3.1-8B,top_k,9.0,0.88,0.0,88,0,100,369,1000,results/audit.llama31-8b-base.jsonl
meta-llama/Llama-3.1-8B,top_k,10.0,0.89,0.0,89,0,100,388,1000,results/audit.llama31-8b-base.jsonl
meta-llama/Llama-3.1-8B,top_k,11.0,0.92,0.0,92,0,100,405,1000,results/audit.llama31-8b-base.jsonl
meta-llama/Llama-3.1-8B,top_k,12.0,0.95,0.0,95,0,100,417,1000,results/audit.llama31-8b-base.jsonl
meta-llama/Llama-3.1-8B,top_k,13.0,0.95,0.0,95,0,100,424,1000,results/audit.llama31-8b-base.jsonl
meta-llama/Llama-3.1-8B,top_k,14.0,0.95,0.0,95,0,100,430,1000,results/audit.llama31-8b-base.jsonl
meta-llama/Llama-3.1-8B,top_k,15.0,0.95,0.0,95,0,100,438,1000,results/audit.llama31-8b-base.jsonl
meta-llama/Llama-3.1-8B,top_k,16.0,0.95,0.0,95,0,100,452,1000,results/audit.llama31-8b-base.jsonl
meta-llama/Llama-3.1-8B,top_k,17.0,0.95,0.0,95,0,100,461,1000,results/audit.llama31-8b-base.jsonl
meta-llama/Llama-3.1-8B,top_k,18.0,0.96,0.0,96,0,100,476,1000,results/audit.llama31-8b-base.jsonl
meta-llama/Llama-3.1-8B,top_k,19.0,0.96,0.0,96,0,100,485,1000,results/audit.llama31-8b-base.jsonl
meta-llama/Llama-3.1-8B,top_k,20.0,0.96,0.0,96,0,100,495,1000,results/audit.llama31-8b-base.jsonl
meta-llama/Llama-3.1-8B,top_p,0.5,0.62,0.0,62,0,100,164,1000,results/audit.llama31-8b-base.jsonl
meta-llama/Llama-3.1-8B,top_p,0.55,0.66,0.0,66,0,100,197,1000,results/audit.llama31-8b-base.jsonl
meta-llama/Llama-3.1-8B,top_p,0.6,0.68,0.0,68,0,100,231,1000,results/audit.llama31-8b-base.jsonl
meta-llama/Llama-3.1-8B,top_p,0.65,0.71,0.0,71,0,100,258,1000,results/audit.llama31-8b-base.jsonl
meta-llama/Llama-3.1-8B,top_p,0.7,0.76,0.0,76,0,100,293,1000,results/audit.llama31-8b-base.jsonl
meta-llama/Llama-3.1-8B,top_p,0.75,0.79,0.0,79,0,100,349,1000,results/audit.llama31-8b-base.jsonl
meta-llama/Llama-3.1-8B,top_p,0.8,0.81,0.0,81,0,100,399,1000,results/audit.llama31-8b-base.jsonl
meta-llama/Llama-3.1-8B,top_p,0.85,0.85,0.02,85,2,100,462,1000,results/audit.llama31-8b-base.jsonl
meta-llama/Llama-3.1-8B,top_p,0.9,0.88,0.09,88,9,100,531,1000,results/audit.llama31-8b-base.jsonl
meta-llama/Llama-3.1-8B,top_p,0.95,0.97,0.19,97,19,100,644,1000,results/audit.llama31-8b-base.jsonl
meta-llama/Llama-3.1-8B,top_p,0.99,1.0,0.5,100,50,100,822,1000,results/audit.llama31-8b-base.jsonl
meta-llama/Llama-3.1-8B,min_p,0.01,0.99,0.01,99,1,100,608,1000,results/audit.llama31-8b-base.jsonl
meta-llama/Llama-3.1-8B,min_p,0.02,0.99,0.01,99,1,100,515,1000,results/audit.llama31-8b-base.jsonl
meta-llama/Llama-3.1-8B,min_p,0.03,0.99,0.0,99,0,100,472,1000,results/audit.llama31-8b-base.jsonl
meta-llama/Llama-3.1-8B,min_p,0.04,0.98,0.0,98,0,100,442,1000,results/audit.llama31-8b-base.jsonl
meta-llama/Llama-3.1-8B,min_p,0.05,0.97,0.0,97,0,100,421,1000,results/audit.llama31-8b-base.jsonl
meta-llama/Llama-3.1-8B,min_p,0.06,0.96,0.0,96,0,100,403,1000,results/audit.llama31-8b-base.jsonl
meta-llama/Llama-3.1-8B,min_p,0.07,0.94,0.0,94,0,100,381,1000,results/audit.llama31-8b-base.jsonl
meta-llama/Llama-3.1-8B,min_p,0.08,0.93,0.0,93,0,100,373,1000,results/audit.llama31-8b-base.jsonl
meta-llama/Llama-3.1-8B,min_p,0.09,0.92,0.0,92,0,100,366,1000,results/audit.llama31-8b-base.jsonl
meta-llama/Llama-3.1-8B,min_p,0.1,0.91,0.0,91,0,100,352,1000,results/audit.llama31-8b-base.jsonl
meta-llama/Llama-3.1-8B-Instruct,top_k,1.0,0.56,0.0,56,0,100,108,1000,results/audit.llama31-8b-instruct.jsonl
meta-llama/Llama-3.1-8B-Instruct,top_k,2.0,0.71,0.0,71,0,100,172,1000,results/audit.llama31-8b-instruct.jsonl
meta-llama/Llama-3.1-8B-Instruct,top_k,3.0,0.77,0.0,77,0,100,211,1000,results/audit.llama31-8b-instruct.jsonl
meta-llama/Llama-3.1-8B-Instruct,top_k,4.0,0.78,0.0,78,0,100,244,1000,results/audit.llama31-8b-instruct.jsonl
meta-llama/Llama-3.1-8B-Instruct,top_k,5.0,0.82,0.0,82,0,100,278,1000,results/audit.llama31-8b-instruct.jsonl
meta-llama/Llama-3.1-8B-Instruct,top_k,6.0,0.87,0.0,87,0,100,308,1000,results/audit.llama31-8b-instruct.jsonl
meta-llama/Llama-3.1-8B-Instruct,top_k,7.0,0.87,0.0,87,0,100,323,1000,results/audit.llama31-8b-instruct.jsonl
meta-llama/Llama-3.1-8B-Instruct,top_k,8.0,0.89,0.0,89,0,100,343,1000,results/audit.llama31-8b-instruct.jsonl
meta-llama/Llama-3.1-8B-Instruct,top_k,9.0,0.9,0.0,90,0,100,353,1000,results/audit.llama31-8b-instruct.jsonl
meta-llama/Llama-3.1-8B-Instruct,top_k,10.0,0.9,0.0,90,0,100,369,1000,results/audit.llama31-8b-instruct.jsonl
meta-llama/Llama-3.1-8B-Instruct,top_k,11.0,0.91,0.0,91,0,100,383,1000,results/audit.llama31-8b-instruct.jsonl
meta-llama/Llama-3.1-8B-Instruct,top_k,12.0,0.92,0.0,92,0,100,399,1000,results/audit.llama31-8b-instruct.jsonl
meta-llama/Llama-3.1-8B-Instruct,top_k,13.0,0.93,0.0,93,0,100,406,1000,results/audit.llama31-8b-instruct.jsonl
meta-llama/Llama-3.1-8B-Instruct,top_k,14.0,0.93,0.0,93,0,100,414,1000,results/audit.llama31-8b-instruct.jsonl
meta-llama/Llama-3.1-8B-Instruct,top_k,15.0,0.94,0.0,94,0,100,426,1000,results/audit.llama31-8b-instruct.jsonl
meta-llama/Llama-3.1-8B-Instruct,top_k,16.0,0.94,0.0,94,0,100,432,1000,results/audit.llama31-8b-instruct.jsonl
meta-llama/Llama-3.1-8B-Instruct,top_k,17.0,0.94,0.0,94,0,100,434,1000,results/audit.llama31-8b-instruct.jsonl
meta-llama/Llama-3.1-8B-Instruct,top_k,18.0,0.94,0.0,94,0,100,437,1000,results/audit.llama31-8b-instruct.jsonl
meta-llama/Llama-3.1-8B-Instruct,top_k,19.0,0.95,0.0,95,0,100,449,1000,results/audit.llama31-8b-instruct.jsonl
meta-llama/Llama-3.1-8B-Instruct,top_k,20.0,0.96,0.0,96,0,100,455,1000,results/audit.llama31-8b-instruct.jsonl
meta-llama/Llama-3.1-8B-Instruct,top_p,0.5,0.59,0.0,59,0,100,154,1000,results/audit.llama31-8b-instruct.jsonl
meta-llama/Llama-3.1-8B-Instruct,top_p,0.55,0.62,0.0,62,0,100,178,1000,results/audit.llama31-8b-instruct.jsonl
meta-llama/Llama-3.1-8B-Instruct,top_p,0.6,0.63,0.0,63,0,100,212,1000,results/audit.llama31-8b-instruct.jsonl
meta-llama/Llama-3.1-8B-Instruct,top_p,0.65,0.7,0.0,70,0,100,261,1000,results/audit.llama31-8b-instruct.jsonl
meta-llama/Llama-3.1-8B-Instruct,top_p,0.7,0.75,0.0,75,0,100,296,1000,results/audit.llama31-8b-instruct.jsonl
meta-llama/Llama-3.1-8B-Instruct,top_p,0.75,0.82,0.0,82,0,100,345,1000,results/audit.llama31-8b-instruct.jsonl
meta-llama/Llama-3.1-8B-Instruct,top_p,0.8,0.84,0.02,84,2,100,395,1000,results/audit.llama31-8b-instruct.jsonl
meta-llama/Llama-3.1-8B-Instruct,top_p,0.85,0.85,0.03,85,3,100,450,1000,results/audit.llama31-8b-instruct.jsonl
meta-llama/Llama-3.1-8B-Instruct,top_p,0.9,0.9,0.06,90,6,100,526,1000,results/audit.llama31-8b-instruct.jsonl
meta-llama/Llama-3.1-8B-Instruct,top_p,0.95,0.95,0.21,95,21,100,645,1000,results/audit.llama31-8b-instruct.jsonl
meta-llama/Llama-3.1-8B-Instruct,top_p,0.99,1.0,0.47,100,47,100,816,1000,results/audit.llama31-8b-instruct.jsonl
meta-llama/Llama-3.1-8B-Instruct,min_p,0.01,1.0,0.01,100,1,100,565,1000,results/audit.llama31-8b-instruct.jsonl
meta-llama/Llama-3.1-8B-Instruct,min_p,0.02,0.99,0.0,99,0,100,487,1000,results/audit.llama31-8b-instruct.jsonl
meta-llama/Llama-3.1-8B-Instruct,min_p,0.03,0.97,0.0,97,0,100,449,1000,results/audit.llama31-8b-instruct.jsonl
meta-llama/Llama-3.1-8B-Instruct,min_p,0.04,0.97,0.0,97,0,100,415,1000,results/audit.llama31-8b-instruct.jsonl
meta-llama/Llama-3.1-8B-Instruct,min_p,0.05,0.94,0.0,94,0,100,379,1000,results/audit.llama31-8b-instruct.jsonl
meta-llama/Llama-3.1-8B-Instruct,min_p,0.06,0.94,0.0,94,0,100,366,1000,results/audit.llama31-8b-instruct.jsonl
meta-llama/Llama-3.1-8B-Instruct,min_p,0.07,0.93,0.0,93,0,100,353,1000,results/audit.llama31-8b-instruct.jsonl
meta-llama/Llama-3.1-8B-Instruct,min_p,0.08,0.91,0.0,91,0,100,339,1000,results/audit.llama31-8b-instruct.jsonl
meta-llama/Llama-3.1-8B-Instruct,min_p,0.09,0.9,0.0,90,0,100,323,1000,results/audit.llama31-8b-instruct.jsonl
meta-llama/Llama-3.1-8B-Instruct,min_p,0.1,0.89,0.0,89,0,100,308,1000,results/audit.llama31-8b-instruct.jsonl
mistralai/Mistral-7B-Instruct-v0.3,top_k,1.0,0.62,0.0,62,0,100,114,1000,results/audit.mistral7b-instruct.full.jsonl
mistralai/Mistral-7B-Instruct-v0.3,top_k,2.0,0.74,0.0,74,0,100,174,1000,results/audit.mistral7b-instruct.full.jsonl
mistralai/Mistral-7B-Instruct-v0.3,top_k,3.0,0.81,0.0,81,0,100,223,1000,results/audit.mistral7b-instruct.full.jsonl
mistralai/Mistral-7B-Instruct-v0.3,top_k,4.0,0.84,0.0,84,0,100,256,1000,results/audit.mistral7b-instruct.full.jsonl
mistralai/Mistral-7B-Instruct-v0.3,top_k,5.0,0.9,0.0,90,0,100,282,1000,results/audit.mistral7b-instruct.full.jsonl
mistralai/Mistral-7B-Instruct-v0.3,top_k,6.0,0.92,0.0,92,0,100,300,1000,results/audit.mistral7b-instruct.full.jsonl
mistralai/Mistral-7B-Instruct-v0.3,top_k,7.0,0.94,0.0,94,0,100,320,1000,results/audit.mistral7b-instruct.full.jsonl
mistralai/Mistral-7B-Instruct-v0.3,top_k,8.0,0.95,0.0,95,0,100,340,1000,results/audit.mistral7b-instruct.full.jsonl
mistralai/Mistral-7B-Instruct-v0.3,top_k,9.0,0.95,0.0,95,0,100,360,1000,results/audit.mistral7b-instruct.full.jsonl
mistralai/Mistral-7B-Instruct-v0.3,top_k,10.0,0.95,0.0,95,0,100,375,1000,results/audit.mistral7b-instruct.full.jsonl
mistralai/Mistral-7B-Instruct-v0.3,top_k,11.0,0.95,0.0,95,0,100,386,1000,results/audit.mistral7b-instruct.full.jsonl
mistralai/Mistral-7B-Instruct-v0.3,top_k,12.0,0.95,0.0,95,0,100,402,1000,results/audit.mistral7b-instruct.full.jsonl
mistralai/Mistral-7B-Instruct-v0.3,top_k,13.0,0.96,0.0,96,0,100,410,1000,results/audit.mistral7b-instruct.full.jsonl
mistralai/Mistral-7B-Instruct-v0.3,top_k,14.0,0.97,0.0,97,0,100,422,1000,results/audit.mistral7b-instruct.full.jsonl
mistralai/Mistral-7B-Instruct-v0.3,top_k,15.0,0.98,0.01,98,1,100,433,1000,results/audit.mistral7b-instruct.full.jsonl
mistralai/Mistral-7B-Instruct-v0.3,top_k,16.0,0.98,0.01,98,1,100,439,1000,results/audit.mistral7b-instruct.full.jsonl
mistralai/Mistral-7B-Instruct-v0.3,top_k,17.0,0.99,0.01,99,1,100,449,1000,results/audit.mistral7b-instruct.full.jsonl
mistralai/Mistral-7B-Instruct-v0.3,top_k,18.0,0.99,0.01,99,1,100,454,1000,results/audit.mistral7b-instruct.full.jsonl
mistralai/Mistral-7B-Instruct-v0.3,top_k,19.0,0.99,0.01,99,1,100,462,1000,results/audit.mistral7b-instruct.full.jsonl
mistralai/Mistral-7B-Instruct-v0.3,top_k,20.0,0.99,0.01,99,1,100,466,1000,results/audit.mistral7b-instruct.full.jsonl
mistralai/Mistral-7B-Instruct-v0.3,top_p,0.5,0.14,0.0,14,0,100,24,1000,results/audit.mistral7b-instruct.full.jsonl
mistralai/Mistral-7B-Instruct-v0.3,top_p,0.55,0.15,0.0,15,0,100,29,1000,results/audit.mistral7b-instruct.full.jsonl
mistralai/Mistral-7B-Instruct-v0.3,top_p,0.6,0.17,0.0,17,0,100,39,1000,results/audit.mistral7b-instruct.full.jsonl
mistralai/Mistral-7B-Instruct-v0.3,top_p,0.65,0.23,0.0,23,0,100,48,1000,results/audit.mistral7b-instruct.full.jsonl
mistralai/Mistral-7B-Instruct-v0.3,top_p,0.7,0.26,0.0,26,0,100,58,1000,results/audit.mistral7b-instruct.full.jsonl
mistralai/Mistral-7B-Instruct-v0.3,top_p,0.75,0.32,0.0,32,0,100,73,1000,results/audit.mistral7b-instruct.full.jsonl
mistralai/Mistral-7B-Instruct-v0.3,top_p,0.8,0.38,0.0,38,0,100,99,1000,results/audit.mistral7b-instruct.full.jsonl
mistralai/Mistral-7B-Instruct-v0.3,top_p,0.85,0.48,0.0,48,0,100,132,1000,results/audit.mistral7b-instruct.full.jsonl
mistralai/Mistral-7B-Instruct-v0.3,top_p,0.9,0.55,0.01,55,1,100,177,1000,results/audit.mistral7b-instruct.full.jsonl
mistralai/Mistral-7B-Instruct-v0.3,top_p,0.95,0.75,0.03,75,3,100,289,1000,results/audit.mistral7b-instruct.full.jsonl
mistralai/Mistral-7B-Instruct-v0.3,top_p,0.99,0.91,0.07,91,7,100,503,1000,results/audit.mistral7b-instruct.full.jsonl
mistralai/Mistral-7B-Instruct-v0.3,min_p,0.01,1.0,0.02,100,2,100,567,1000,results/audit.mistral7b-instruct.full.jsonl
mistralai/Mistral-7B-Instruct-v0.3,min_p,0.02,0.99,0.0,99,0,100,478,1000,results/audit.mistral7b-instruct.full.jsonl
mistralai/Mistral-7B-Instruct-v0.3,min_p,0.03,0.98,0.0,98,0,100,442,1000,results/audit.mistral7b-instruct.full.jsonl
mistralai/Mistral-7B-Instruct-v0.3,min_p,0.04,0.98,0.0,98,0,100,415,1000,results/audit.mistral7b-instruct.full.jsonl
mistralai/Mistral-7B-Instruct-v0.3,min_p,0.05,0.98,0.0,98,0,100,392,1000,results/audit.mistral7b-instruct.full.jsonl
mistralai/Mistral-7B-Instruct-v0.3,min_p,0.06,0.98,0.0,98,0,100,380,1000,results/audit.mistral7b-instruct.full.jsonl
mistralai/Mistral-7B-Instruct-v0.3,min_p,0.07,0.98,0.0,98,0,100,362,1000,results/audit.mistral7b-instruct.full.jsonl
mistralai/Mistral-7B-Instruct-v0.3,min_p,0.08,0.98,0.0,98,0,100,350,1000,results/audit.mistral7b-instruct.full.jsonl
mistralai/Mistral-7B-Instruct-v0.3,min_p,0.09,0.95,0.0,95,0,100,332,1000,results/audit.mistral7b-instruct.full.jsonl
mistralai/Mistral-7B-Instruct-v0.3,min_p,0.1,0.95,0.0,95,0,100,311,1000,results/audit.mistral7b-instruct.full.jsonl
mistralai/Mistral-7B-v0.3,top_k,1.0,0.56,0.0,56,0,100,111,1000,results/audit.mistral7b.limit1000.jsonl
mistralai/Mistral-7B-v0.3,top_k,2.0,0.71,0.0,71,0,100,173,1000,results/audit.mistral7b.limit1000.jsonl
mistralai/Mistral-7B-v0.3,top_k,3.0,0.75,0.0,75,0,100,216,1000,results/audit.mistral7b.limit1000.jsonl
mistralai/Mistral-7B-v0.3,top_k,4.0,0.81,0.0,81,0,100,253,1000,results/audit.mistral7b.limit1000.jsonl
mistralai/Mistral-7B-v0.3,top_k,5.0,0.86,0.0,86,0,100,283,1000,results/audit.mistral7b.limit1000.jsonl
mistralai/Mistral-7B-v0.3,top_k,6.0,0.94,0.0,94,0,100,308,1000,results/audit.mistral7b.limit1000.jsonl
mistralai/Mistral-7B-v0.3,top_k,7.0,0.95,0.0,95,0,100,329,1000,results/audit.mistral7b.limit1000.jsonl
mistralai/Mistral-7B-v0.3,top_k,8.0,0.95,0.0,95,0,100,345,1000,results/audit.mistral7b.limit1000.jsonl
mistralai/Mistral-7B-v0.3,top_k,9.0,0.95,0.0,95,0,100,360,1000,results/audit.mistral7b.limit1000.jsonl
mistralai/Mistral-7B-v0.3,top_k,10.0,0.96,0.0,96,0,100,373,1000,results/audit.mistral7b.limit1000.jsonl
mistralai/Mistral-7B-v0.3,top_k,11.0,0.96,0.0,96,0,100,388,1000,results/audit.mistral7b.limit1000.jsonl
mistralai/Mistral-7B-v0.3,top_k,12.0,0.96,0.0,96,0,100,398,1000,results/audit.mistral7b.limit1000.jsonl
mistralai/Mistral-7B-v0.3,top_k,13.0,0.96,0.0,96,0,100,410,1000,results/audit.mistral7b.limit1000.jsonl
mistralai/Mistral-7B-v0.3,top_k,14.0,0.97,0.0,97,0,100,420,1000,results/audit.mistral7b.limit1000.jsonl
mistralai/Mistral-7B-v0.3,top_k,15.0,0.97,0.0,97,0,100,424,1000,results/audit.mistral7b.limit1000.jsonl
mistralai/Mistral-7B-v0.3,top_k,16.0,0.97,0.0,97,0,100,440,1000,results/audit.mistral7b.limit1000.jsonl
mistralai/Mistral-7B-v0.3,top_k,17.0,0.97,0.0,97,0,100,451,1000,results/audit.mistral7b.limit1000.jsonl
mistralai/Mistral-7B-v0.3,top_k,18.0,0.97,0.0,97,0,100,455,1000,results/audit.mistral7b.limit1000.jsonl
mistralai/Mistral-7B-v0.3,top_k,19.0,0.97,0.0,97,0,100,460,1000,results/audit.mistral7b.limit1000.jsonl
mistralai/Mistral-7B-v0.3,top_k,20.0,0.97,0.0,97,0,100,462,1000,results/audit.mistral7b.limit1000.jsonl
mistralai/Mistral-7B-v0.3,top_p,0.5,0.14,0.0,14,0,100,31,1000,results/audit.mistral7b.limit1000.jsonl
mistralai/Mistral-7B-v0.3,top_p,0.55,0.19,0.0,19,0,100,36,1000,results/audit.mistral7b.limit1000.jsonl
mistralai/Mistral-7B-v0.3,top_p,0.6,0.21,0.0,21,0,100,44,1000,results/audit.mistral7b.limit1000.jsonl
mistralai/Mistral-7B-v0.3,top_p,0.65,0.25,0.0,25,0,100,54,1000,results/audit.mistral7b.limit1000.jsonl
mistralai/Mistral-7B-v0.3,top_p,0.7,0.32,0.0,32,0,100,72,1000,results/audit.mistral7b.limit1000.jsonl
mistralai/Mistral-7B-v0.3,top_p,0.75,0.35,0.0,35,0,100,89,1000,results/audit.mistral7b.limit1000.jsonl
mistralai/Mistral-7B-v0.3,top_p,0.8,0.48,0.0,48,0,100,126,1000,results/audit.mistral7b.limit1000.jsonl
mistralai/Mistral-7B-v0.3,top_p,0.85,0.58,0.01,58,1,100,162,1000,results/audit.mistral7b.limit1000.jsonl
mistralai/Mistral-7B-v0.3,top_p,0.9,0.66,0.02,66,2,100,222,1000,results/audit.mistral7b.limit1000.jsonl
mistralai/Mistral-7B-v0.3,top_p,0.95,0.81,0.04,81,4,100,334,1000,results/audit.mistral7b.limit1000.jsonl
mistralai/Mistral-7B-v0.3,top_p,0.99,0.96,0.11,96,11,100,575,1000,results/audit.mistral7b.limit1000.jsonl
mistralai/Mistral-7B-v0.3,min_p,0.01,1.0,0.03,100,3,100,611,1000,results/audit.mistral7b.limit1000.jsonl
mistralai/Mistral-7B-v0.3,min_p,0.02,0.99,0.01,99,1,100,514,1000,results/audit.mistral7b.limit1000.jsonl
mistralai/Mistral-7B-v0.3,min_p,0.03,0.99,0.01,99,1,100,464,1000,results/audit.mistral7b.limit1000.jsonl
mistralai/Mistral-7B-v0.3,min_p,0.04,0.98,0.0,98,0,100,439,1000,results/audit.mistral7b.limit1000.jsonl
mistralai/Mistral-7B-v0.3,min_p,0.05,0.98,0.0,98,0,100,409,1000,results/audit.mistral7b.limit1000.jsonl
mistralai/Mistral-7B-v0.3,min_p,0.06,0.98,0.0,98,0,100,397,1000,results/audit.mistral7b.limit1000.jsonl
mistralai/Mistral-7B-v0.3,min_p,0.07,0.98,0.0,98,0,100,378,1000,results/audit.mistral7b.limit1000.jsonl
mistralai/Mistral-7B-v0.3,min_p,0.08,0.98,0.0,98,0,100,363,1000,results/audit.mistral7b.limit1000.jsonl
mistralai/Mistral-7B-v0.3,min_p,0.09,0.97,0.0,97,0,100,351,1000,results/audit.mistral7b.limit1000.jsonl
mistralai/Mistral-7B-v0.3,min_p,0.1,0.94,0.0,94,0,100,335,1000,results/audit.mistral7b.limit1000.jsonl
